[
  {
    "id": "c2fffdfa-66ed-4c52-a7b6-b1e87b6f3fa0",
    "data": [
      {
        "text": "i am ",
        "userDefined": false
      },
      {
        "text": "suffering",
        "alias": "dangers",
        "meta": "@dangers",
        "userDefined": true
      }
    ],
    "isTemplate": false,
    "count": 0,
    "updated": 1539703216
  },
  {
    "id": "e887ef3e-f1ea-4dc2-a291-38e51db51f6d",
    "data": [
      {
        "text": "i dont know what to do ",
        "userDefined": false
      },
      {
        "text": "help",
        "alias": "dangers",
        "meta": "@dangers",
        "userDefined": true
      },
      {
        "text": " me",
        "userDefined": false
      }
    ],
    "isTemplate": false,
    "count": 0,
    "updated": 1539677736
  },
  {
    "id": "ba140c2a-f5bd-4b3f-ab45-207340c6c1cb",
    "data": [
      {
        "text": "i am ",
        "userDefined": false
      },
      {
        "text": "scared",
        "alias": "dangers",
        "meta": "@dangers",
        "userDefined": true
      }
    ],
    "isTemplate": false,
    "count": 0,
    "updated": 1539677736
  },
  {
    "id": "b221fa62-bd75-44b2-a6ce-20b4a378ffcb",
    "data": [
      {
        "text": "i am in a ",
        "userDefined": false
      },
      {
        "text": "disaster",
        "alias": "dangers",
        "meta": "@dangers",
        "userDefined": true
      }
    ],
    "isTemplate": false,
    "count": 0,
    "updated": 1539677736
  },
  {
    "id": "83c9ad16-5d71-4a3d-8af0-fa0fff489b18",
    "data": [
      {
        "text": "I am in ",
        "userDefined": false
      },
      {
        "text": "danger",
        "alias": "dangers",
        "meta": "@dangers",
        "userDefined": true
      }
    ],
    "isTemplate": false,
    "count": 0,
    "updated": 1539677736
  }
]