[
  {
    "id": "60c590b3-c38a-4c11-aea5-d1039776abf7",
    "data": [
      {
        "text": "Sesmic",
        "alias": "Earthquake",
        "meta": "@Earthquake",
        "userDefined": true
      }
    ],
    "isTemplate": false,
    "count": 0,
    "updated": 1539703236
  },
  {
    "id": "f451801c-dc89-4e96-a1ac-1dcecc77a081",
    "data": [
      {
        "text": "Sesmic activities",
        "alias": "Earthquake",
        "meta": "@Earthquake",
        "userDefined": true
      }
    ],
    "isTemplate": false,
    "count": 0,
    "updated": 1539696617
  },
  {
    "id": "0b309dbf-2fe1-4ecf-92f0-58221312151f",
    "data": [
      {
        "text": "earthquake",
        "alias": "Earthquake",
        "meta": "@Earthquake",
        "userDefined": false
      }
    ],
    "isTemplate": false,
    "count": 0,
    "updated": 1539696546
  },
  {
    "id": "b0c5175f-940f-41d0-a847-4c82f7c54316",
    "data": [
      {
        "text": "help me out i am stuck in ",
        "userDefined": false
      },
      {
        "text": "earthquake",
        "alias": "Earthquake",
        "meta": "@Earthquake",
        "userDefined": false
      },
      {
        "text": ".",
        "userDefined": false
      }
    ],
    "isTemplate": false,
    "count": 0,
    "updated": 1539674868
  },
  {
    "id": "88122053-67d5-417a-94f6-320bdc7b2f6f",
    "data": [
      {
        "text": "i am suffering from ",
        "userDefined": false
      },
      {
        "text": "earthquake",
        "alias": "Earthquake",
        "meta": "@Earthquake",
        "userDefined": false
      },
      {
        "text": ".",
        "userDefined": false
      }
    ],
    "isTemplate": false,
    "count": 0,
    "updated": 1539674868
  },
  {
    "id": "3b5c3d63-6d51-42cc-bc38-b9a0427d28fb",
    "data": [
      {
        "text": "I am facing a ",
        "userDefined": false
      },
      {
        "text": "earthquake",
        "alias": "Earthquake",
        "meta": "@Earthquake",
        "userDefined": false
      },
      {
        "text": ".",
        "userDefined": false
      }
    ],
    "isTemplate": false,
    "count": 0,
    "updated": 1539674868
  }
]