[
  {
    "id": "cc7733cd-5da0-43be-b043-e843595f182c",
    "data": [
      {
        "text": "elevator",
        "alias": "Earthquake-custom",
        "meta": "@Earthquake-custom",
        "userDefined": false
      }
    ],
    "isTemplate": false,
    "count": 0,
    "updated": 1539758347
  },
  {
    "id": "62bbf66f-e994-44a6-9a94-3155e378debd",
    "data": [
      {
        "text": "i am in a ",
        "userDefined": false
      },
      {
        "text": "lift",
        "alias": "Earthquake-custom",
        "meta": "@Earthquake-custom",
        "userDefined": true
      },
      {
        "text": ".",
        "userDefined": false
      }
    ],
    "isTemplate": false,
    "count": 0,
    "updated": 1539675918
  },
  {
    "id": "9e33982e-cb70-4dc2-9e1c-34121198188c",
    "data": [
      {
        "text": "i am stuck in a ",
        "userDefined": false
      },
      {
        "text": "elevator",
        "alias": "Earthquake-custom",
        "meta": "@Earthquake-custom",
        "userDefined": false
      },
      {
        "text": ".",
        "userDefined": false
      }
    ],
    "isTemplate": false,
    "count": 0,
    "updated": 1539675918
  }
]