[
  {
    "id": "a319ca91-1096-4852-a61d-dca0952acb48",
    "data": [
      {
        "text": "tell me more",
        "userDefined": false
      }
    ],
    "isTemplate": false,
    "count": 0,
    "updated": 1539758497
  },
  {
    "id": "16ae5e8b-5dd7-4238-8d79-e4b93f833328",
    "data": [
      {
        "text": "anything else",
        "userDefined": false
      }
    ],
    "isTemplate": false,
    "count": 0,
    "updated": 1539758497
  },
  {
    "id": "35527870-30d9-406e-8178-238c7823c619",
    "data": [
      {
        "text": "is there anything else i should do",
        "userDefined": false
      }
    ],
    "isTemplate": false,
    "count": 0,
    "updated": 1539758497
  },
  {
    "id": "ff5b128d-d705-40ef-a63c-f15f5338e370",
    "data": [
      {
        "text": "what else should i do",
        "userDefined": false
      }
    ],
    "isTemplate": false,
    "count": 0,
    "updated": 1539758497
  },
  {
    "id": "cad29f1c-4b4c-4a20-8598-4d8ed7f24c44",
    "data": [
      {
        "text": "what else can i do",
        "userDefined": false
      }
    ],
    "isTemplate": false,
    "count": 0,
    "updated": 1539758497
  }
]