[
  {
    "id": "1a59d5ff-1501-49c2-8b3a-3f00eb066d7c",
    "data": [
      {
        "text": "where can i find the ",
        "userDefined": false
      },
      {
        "text": "emergency form",
        "alias": "Emergency",
        "meta": "@Emergency",
        "userDefined": false
      }
    ],
    "isTemplate": false,
    "count": 1,
    "updated": 1539758584
  },
  {
    "id": "80e1e4b0-beaa-4dd9-a8eb-0d26987fd5b6",
    "data": [
      {
        "text": "where is the ",
        "userDefined": false
      },
      {
        "text": "emergency section",
        "alias": "Emergency",
        "meta": "@Emergency",
        "userDefined": false
      }
    ],
    "isTemplate": false,
    "count": 0,
    "updated": 1539758584
  },
  {
    "id": "70f1ea1f-0e3b-42dc-9cac-2a83ccbf8f63",
    "data": [
      {
        "text": "where is the ",
        "userDefined": false
      },
      {
        "text": "emergency form",
        "alias": "Emergency",
        "meta": "@Emergency",
        "userDefined": false
      }
    ],
    "isTemplate": false,
    "count": 0,
    "updated": 1539758584
  }
]