[
  {
    "id": "ddd493cd-2e7b-4adc-8c97-e1c5116ae312",
    "data": [
      {
        "text": "Emergency form",
        "userDefined": false
      }
    ],
    "isTemplate": false,
    "count": 0,
    "updated": 1539756473
  },
  {
    "id": "dedc1abb-7aba-4efc-8c9b-9ef0eed64b3b",
    "data": [
      {
        "text": "Emergency section?",
        "userDefined": false
      }
    ],
    "isTemplate": false,
    "count": 0,
    "updated": 1539756473
  },
  {
    "id": "32eea060-b815-46a7-a347-73ec4105f0bd",
    "data": [
      {
        "text": "what emergency section??",
        "userDefined": false
      }
    ],
    "isTemplate": false,
    "count": 0,
    "updated": 1539756473
  },
  {
    "id": "1fa03efd-9bbc-4930-ac3b-26b9a36a9f16",
    "data": [
      {
        "text": "Where is the Emergency section you are talking about?",
        "userDefined": false
      }
    ],
    "isTemplate": false,
    "count": 0,
    "updated": 1539756473
  }
]