[
  {
    "id": "0fe0407f-7f0d-4856-a9bb-30d5b8bb4620",
    "data": [
      {
        "text": "Emergency section",
        "alias": "Emergency",
        "meta": "@Emergency",
        "userDefined": false
      }
    ],
    "isTemplate": false,
    "count": 0,
    "updated": 1539756695
  },
  {
    "id": "fbdc3585-7de2-43d6-ab98-485d0d1ab182",
    "data": [
      {
        "text": "what is the ",
        "userDefined": false
      },
      {
        "text": "help line form",
        "alias": "Emergency",
        "meta": "@Emergency",
        "userDefined": false
      }
    ],
    "isTemplate": false,
    "count": 0,
    "updated": 1539756695
  },
  {
    "id": "8edfd7d0-0fc9-44ae-9108-6f4a18006bd6",
    "data": [
      {
        "text": "what is ",
        "userDefined": false
      },
      {
        "text": "emergency section",
        "alias": "Emergency",
        "meta": "@Emergency",
        "userDefined": false
      }
    ],
    "isTemplate": false,
    "count": 0,
    "updated": 1539756695
  },
  {
    "id": "bbc84be1-7070-46c9-ba93-049e6cb5abb6",
    "data": [
      {
        "text": "What is the ",
        "userDefined": false
      },
      {
        "text": "Emergency form",
        "alias": "Emergency",
        "meta": "@Emergency",
        "userDefined": false
      },
      {
        "text": "??",
        "userDefined": false
      }
    ],
    "isTemplate": false,
    "count": 0,
    "updated": 1539756695
  }
]