[
  {
    "id": "b23d9088-f7a2-4d84-994d-f1dab78df3db",
    "data": [
      {
        "text": "explain Emergency form",
        "userDefined": false
      }
    ],
    "isTemplate": false,
    "count": 0,
    "updated": 1539756584
  },
  {
    "id": "d4717b19-49d1-4951-92e4-aa10c412b5e2",
    "data": [
      {
        "text": "emergency section",
        "userDefined": false
      }
    ],
    "isTemplate": false,
    "count": 0,
    "updated": 1539756584
  },
  {
    "id": "22d65f9a-c2e5-406f-9253-cd3c2169b262",
    "data": [
      {
        "text": "Emergency form",
        "userDefined": false
      }
    ],
    "isTemplate": false,
    "count": 0,
    "updated": 1539756584
  },
  {
    "id": "a62bbed3-3103-4e9a-a3ed-ba9d5c452a66",
    "data": [
      {
        "text": "What is the Emergency Section??",
        "userDefined": false
      }
    ],
    "isTemplate": false,
    "count": 0,
    "updated": 1539756584
  }
]