[
  {
    "id": "072e7a11-1d43-43b3-8d68-7793c2bd0110",
    "data": [
      {
        "text": "there is ",
        "userDefined": false
      },
      {
        "text": "fire",
        "alias": "Fire",
        "meta": "@Fire",
        "userDefined": false
      },
      {
        "text": " all around me.",
        "userDefined": false
      }
    ],
    "isTemplate": false,
    "count": 0,
    "updated": 1539754532
  },
  {
    "id": "d59aca47-d3cc-489f-84fa-8162bdee470b",
    "data": [
      {
        "text": "i am in a forest with ",
        "userDefined": false
      },
      {
        "text": "fire",
        "alias": "Fire",
        "meta": "@Fire",
        "userDefined": false
      },
      {
        "text": ".",
        "userDefined": false
      }
    ],
    "isTemplate": false,
    "count": 0,
    "updated": 1539754532
  },
  {
    "id": "bfe09a87-a626-452f-a469-ccb583c09227",
    "data": [
      {
        "text": "i am in a ",
        "userDefined": false
      },
      {
        "text": "forest fire",
        "alias": "Fire",
        "meta": "@Fire",
        "userDefined": false
      },
      {
        "text": ".",
        "userDefined": false
      }
    ],
    "isTemplate": false,
    "count": 0,
    "updated": 1539754532
  },
  {
    "id": "65ad2bd4-e888-4b0e-86f4-880945e713ef",
    "data": [
      {
        "text": "I am surrounded by ",
        "userDefined": false
      },
      {
        "text": "fire",
        "alias": "Fire",
        "meta": "@Fire",
        "userDefined": false
      },
      {
        "text": ".",
        "userDefined": false
      }
    ],
    "isTemplate": false,
    "count": 0,
    "updated": 1539754532
  }
]