[
  {
    "id": "e5e15e43-0504-4d08-bf50-7b05e681f191",
    "data": [
      {
        "text": "there is a lot of ",
        "userDefined": false
      },
      {
        "text": "rainfall",
        "alias": "Flood",
        "meta": "@Flood",
        "userDefined": true
      }
    ],
    "isTemplate": false,
    "count": 0,
    "updated": 1539754762
  },
  {
    "id": "09dcac37-3f19-4eaf-90dd-a86058e79be7",
    "data": [
      {
        "text": "there is a ",
        "userDefined": false
      },
      {
        "text": "flood",
        "alias": "Flood",
        "meta": "@Flood",
        "userDefined": false
      },
      {
        "text": " warning",
        "userDefined": false
      }
    ],
    "isTemplate": false,
    "count": 0,
    "updated": 1539754762
  },
  {
    "id": "32072f98-c534-4b80-bf54-62c6d9dde3cd",
    "data": [
      {
        "text": "i am in a ",
        "userDefined": false
      },
      {
        "text": "flood",
        "alias": "Flood",
        "meta": "@Flood",
        "userDefined": false
      }
    ],
    "isTemplate": false,
    "count": 0,
    "updated": 1539754762
  }
]