[
  {
    "id": "ec3a7f44-2fe4-447b-8229-a11ec7382862",
    "data": [
      {
        "text": "inside",
        "alias": "Earthquake-custom",
        "meta": "@Earthquake-custom",
        "userDefined": true
      }
    ],
    "isTemplate": false,
    "count": 0,
    "updated": 1539696651
  },
  {
    "id": "cae09dc2-13ea-4176-92cc-b91221438709",
    "data": [
      {
        "text": "indoor",
        "alias": "Earthquake-custom",
        "meta": "@Earthquake-custom",
        "userDefined": true
      }
    ],
    "isTemplate": false,
    "count": 0,
    "updated": 1539696651
  },
  {
    "id": "217bc863-665e-49d2-9bc2-d56bdea85a89",
    "data": [
      {
        "text": "i am in a ",
        "userDefined": false
      },
      {
        "text": "room",
        "alias": "Earthquake-custom",
        "meta": "@Earthquake-custom",
        "userDefined": true
      },
      {
        "text": ".",
        "userDefined": false
      }
    ],
    "isTemplate": false,
    "count": 0,
    "updated": 1539675477
  },
  {
    "id": "52a7e7cd-1cf1-43d2-8140-0507f143da32",
    "data": [
      {
        "text": "i am currently in my ",
        "userDefined": false
      },
      {
        "text": "room",
        "alias": "Earthquake-custom",
        "meta": "@Earthquake-custom",
        "userDefined": true
      },
      {
        "text": ".",
        "userDefined": false
      }
    ],
    "isTemplate": false,
    "count": 0,
    "updated": 1539675477
  },
  {
    "id": "b864306f-91c3-47c7-a049-0741882de48e",
    "data": [
      {
        "text": "I am ",
        "userDefined": false
      },
      {
        "text": "indoors",
        "alias": "Earthquake-custom",
        "meta": "@Earthquake-custom",
        "userDefined": true
      },
      {
        "text": ".",
        "userDefined": false
      }
    ],
    "isTemplate": false,
    "count": 0,
    "updated": 1539675249
  }
]