[
  {
    "id": "d5c57fb6-85c2-4445-9abd-3db54d3f2709",
    "data": [
      {
        "text": "there are ",
        "userDefined": false
      },
      {
        "text": "flashes",
        "alias": "lightning",
        "meta": "@lightning",
        "userDefined": true
      },
      {
        "text": ".",
        "userDefined": false
      }
    ],
    "isTemplate": false,
    "count": 0,
    "updated": 1539678098
  },
  {
    "id": "16da367e-ee38-46d5-a619-4633d836ef38",
    "data": [
      {
        "text": "i am facing ",
        "userDefined": false
      },
      {
        "text": "lightning",
        "alias": "lightning",
        "meta": "@lightning",
        "userDefined": true
      },
      {
        "text": " ",
        "userDefined": false
      },
      {
        "text": "shocks",
        "alias": "lightning",
        "meta": "@lightning",
        "userDefined": true
      }
    ],
    "isTemplate": false,
    "count": 0,
    "updated": 1539678098
  },
  {
    "id": "9387130b-dcc5-4761-b996-aa559126e4fc",
    "data": [
      {
        "text": "i am facing ",
        "userDefined": false
      },
      {
        "text": "lightning",
        "alias": "lightning",
        "meta": "@lightning",
        "userDefined": true
      }
    ],
    "isTemplate": false,
    "count": 0,
    "updated": 1539678098
  },
  {
    "id": "41b46ce9-d855-475d-94aa-3767b984c12e",
    "data": [
      {
        "text": "i am in a ",
        "userDefined": false
      },
      {
        "text": "thunderstorm",
        "alias": "lightning",
        "meta": "@lightning",
        "userDefined": true
      }
    ],
    "isTemplate": false,
    "count": 0,
    "updated": 1539678098
  },
  {
    "id": "2b52f9a2-5004-4866-a4e3-89340a7020a0",
    "data": [
      {
        "text": "I am in ",
        "userDefined": false
      },
      {
        "text": "lightning",
        "alias": "lightning",
        "meta": "@lightning",
        "userDefined": true
      }
    ],
    "isTemplate": false,
    "count": 0,
    "updated": 1539678098
  }
]