[
  {
    "id": "8cfcfd4e-5ad4-4e3a-9e3d-979b57a32b62",
    "data": [
      {
        "text": "i am in ",
        "userDefined": false
      },
      {
        "text": "open",
        "alias": "Earthquake-custom",
        "meta": "@Earthquake-custom",
        "userDefined": true
      }
    ],
    "isTemplate": false,
    "count": 0,
    "updated": 1539696683
  },
  {
    "id": "1da24048-735e-4f7a-b468-d9bba3108eca",
    "data": [
      {
        "text": "outdoor",
        "alias": "Earthquake-custom",
        "meta": "@Earthquake-custom",
        "userDefined": true
      }
    ],
    "isTemplate": false,
    "count": 0,
    "updated": 1539696683
  },
  {
    "id": "ad14941f-bd67-47be-820f-10de02ed4c26",
    "data": [
      {
        "text": "i am ",
        "userDefined": false
      },
      {
        "text": "outdoor",
        "alias": "Earthquake-custom",
        "meta": "@Earthquake-custom",
        "userDefined": true
      },
      {
        "text": " on the road.",
        "userDefined": false
      }
    ],
    "isTemplate": false,
    "count": 0,
    "updated": 1539675649
  },
  {
    "id": "20df1953-0cea-4139-9dd5-aadfe00a162b",
    "data": [
      {
        "text": "I am in the ",
        "userDefined": false
      },
      {
        "text": "outdoors",
        "alias": "Earthquake-custom",
        "meta": "@Earthquake-custom",
        "userDefined": true
      },
      {
        "text": "...",
        "userDefined": false
      }
    ],
    "isTemplate": false,
    "count": 0,
    "updated": 1539675649
  }
]