[
  {
    "id": "84be94c2-be0b-42c9-ab76-871ca2c65611",
    "data": [
      {
        "text": "let us talk",
        "userDefined": false
      }
    ],
    "isTemplate": false,
    "count": 0,
    "updated": 1518110353
  },
  {
    "id": "61285ca3-7abb-4d08-9a72-536620f56527",
    "data": [
      {
        "text": "can we chat",
        "userDefined": false
      }
    ],
    "isTemplate": false,
    "count": 0,
    "updated": 1518110353
  },
  {
    "id": "ecb2b54f-9b1f-4eae-90ba-d37240060793",
    "data": [
      {
        "text": "can I start speaking",
        "userDefined": false
      }
    ],
    "isTemplate": false,
    "count": 0,
    "updated": 0
  },
  {
    "id": "07769e21-f368-4c7a-8209-2f9a003edf41",
    "data": [
      {
        "text": "can we talk",
        "userDefined": false
      }
    ],
    "isTemplate": false,
    "count": 0,
    "updated": 1518110353
  },
  {
    "id": "3b753733-89a6-4ec1-aefa-3148ec0fc561",
    "data": [
      {
        "text": "let\u0027s have a discussion",
        "userDefined": false
      }
    ],
    "isTemplate": false,
    "count": 0,
    "updated": 1518110353
  },
  {
    "id": "08515d32-cb54-48bd-9ace-dcb4b709e777",
    "data": [
      {
        "text": "I just want to talk",
        "userDefined": false
      }
    ],
    "isTemplate": false,
    "count": 0,
    "updated": 0
  },
  {
    "id": "0caf6c5d-ab5e-410e-9022-233da9ae4564",
    "data": [
      {
        "text": "can I speak",
        "userDefined": false
      }
    ],
    "isTemplate": false,
    "count": 0,
    "updated": 1518110353
  },
  {
    "id": "286fe223-fe60-45d2-bd84-a4d11237b5aa",
    "data": [
      {
        "text": "I want to speak with you",
        "userDefined": false
      }
    ],
    "isTemplate": false,
    "count": 0,
    "updated": 1518110353
  },
  {
    "id": "f8c5d87b-43cc-48f3-82f9-457dea8e409b",
    "data": [
      {
        "text": "I want to talk to you",
        "userDefined": false
      }
    ],
    "isTemplate": false,
    "count": 0,
    "updated": 1518110353
  },
  {
    "id": "21fbb3e7-e16f-47b7-bb5f-224065a1a313",
    "data": [
      {
        "text": "I need to talk to you",
        "userDefined": false
      }
    ],
    "isTemplate": false,
    "count": 0,
    "updated": 1518110353
  },
  {
    "id": "766a6f08-0836-44d1-8a39-78f3ded40cc3",
    "data": [
      {
        "text": "let\u0027s discuss something",
        "userDefined": false
      }
    ],
    "isTemplate": false,
    "count": 1,
    "updated": 1518110353
  },
  {
    "id": "41441857-2b7e-42bd-9f75-cbcd8ada0542",
    "data": [
      {
        "text": "let\u0027s talk",
        "userDefined": false
      }
    ],
    "isTemplate": false,
    "count": 0,
    "updated": 1518110353
  }
]