[
  {
    "id": "38623c45-f11c-4c3f-8c8d-ad174124b4e5",
    "data": [
      {
        "text": "I\u0027m exhausted",
        "userDefined": false
      }
    ],
    "isTemplate": false,
    "count": 0,
    "updated": 1529441576
  },
  {
    "id": "ff40d348-c16a-4e3f-9357-b0b48ee51bec",
    "data": [
      {
        "text": "I\u0027m worn out",
        "userDefined": false
      }
    ],
    "isTemplate": false,
    "count": 0,
    "updated": 1529441576
  },
  {
    "id": "58862dcf-d323-41e2-afb1-8650508dbae7",
    "data": [
      {
        "text": "I ",
        "userDefined": false
      },
      {
        "text": "feel",
        "meta": "@sys.ignore",
        "userDefined": false
      },
      {
        "text": " tired",
        "userDefined": false
      }
    ],
    "isTemplate": false,
    "count": 0,
    "updated": 1529441576
  },
  {
    "id": "4011f2cb-de8c-42ca-939c-9419e2091a33",
    "data": [
      {
        "text": "I\u0027m getting tired",
        "userDefined": false
      }
    ],
    "isTemplate": false,
    "count": 0,
    "updated": 1529441576
  },
  {
    "id": "13b2493a-33fd-4678-8879-d42824976867",
    "data": [
      {
        "text": "I grow weary",
        "userDefined": false
      }
    ],
    "isTemplate": false,
    "count": 0,
    "updated": 1529441576
  },
  {
    "id": "9494e4f4-5550-4616-986e-770bc36f3f25",
    "data": [
      {
        "text": "I am tired",
        "userDefined": false
      }
    ],
    "isTemplate": false,
    "count": 0,
    "updated": 1529441576
  },
  {
    "id": "fb6ba646-8d8d-43df-bbea-24a9a7027d14",
    "data": [
      {
        "text": "I\u0027ve overworked",
        "userDefined": false
      }
    ],
    "isTemplate": false,
    "count": 0,
    "updated": 1529441576
  },
  {
    "id": "b1db00bd-19c7-469d-8069-e73862025e47",
    "data": [
      {
        "text": "I\u0027m drained",
        "userDefined": false
      }
    ],
    "isTemplate": false,
    "count": 0,
    "updated": 1529441576
  }
]