[
  {
    "id": "17024f03-e0d0-477b-ba7b-d21d19da1150",
    "data": [
      {
        "text": "I have returned",
        "userDefined": false
      }
    ],
    "isTemplate": false,
    "count": 0,
    "updated": 0
  },
  {
    "id": "0617fe96-4104-43a9-8b8e-46c83829aa95",
    "data": [
      {
        "text": "I\u0027m here again",
        "userDefined": false
      }
    ],
    "isTemplate": false,
    "count": 0,
    "updated": 0
  },
  {
    "id": "dff3b1fb-0ec3-4909-b607-54a0f6f2045a",
    "data": [
      {
        "text": "I came back",
        "userDefined": false
      }
    ],
    "isTemplate": false,
    "count": 0,
    "updated": 0
  },
  {
    "id": "5226e319-4b49-4302-babc-624c1bdd5cb7",
    "data": [
      {
        "text": "I got back",
        "userDefined": false
      }
    ],
    "isTemplate": false,
    "count": 0,
    "updated": 0
  },
  {
    "id": "fde61bc8-bd71-4769-8a1d-293a4f413a83",
    "data": [
      {
        "text": "I am back",
        "userDefined": false
      }
    ],
    "isTemplate": false,
    "count": 0,
    "updated": 0
  },
  {
    "id": "9b416539-fc08-48b2-a6be-f0bbd49c3c3f",
    "data": [
      {
        "text": "here I am again",
        "userDefined": false
      }
    ],
    "isTemplate": false,
    "count": 0,
    "updated": 0
  }
]