[
  {
    "id": "41994399-dcd2-4d11-835a-6c2f28edb8f8",
    "data": [
      {
        "text": "sure",
        "meta": "@sys.ignore",
        "userDefined": false
      }
    ],
    "isTemplate": false,
    "count": 0,
    "updated": 0
  },
  {
    "id": "711a33ac-1da5-48dc-8840-2100477d3755",
    "data": [
      {
        "text": "ya",
        "userDefined": false
      }
    ],
    "isTemplate": false,
    "count": 0,
    "updated": 0
  },
  {
    "id": "4fe953e6-2f25-413b-9da1-31eab83f030a",
    "data": [
      {
        "text": "yep",
        "userDefined": false
      }
    ],
    "isTemplate": false,
    "count": 0,
    "updated": 0
  },
  {
    "id": "1a7633cc-6d3b-46b6-a5b9-99c10d656851",
    "data": [
      {
        "text": "please do",
        "userDefined": false
      }
    ],
    "isTemplate": false,
    "count": 0,
    "updated": 0
  },
  {
    "id": "1eeb31ab-04c1-4c92-900d-712f24cb2600",
    "data": [
      {
        "text": "yeah exactly",
        "userDefined": false
      }
    ],
    "isTemplate": false,
    "count": 0,
    "updated": 0
  },
  {
    "id": "b76af679-0669-45d1-b7c2-ed7a81250d48",
    "data": [
      {
        "text": "this is correct",
        "userDefined": false
      }
    ],
    "isTemplate": false,
    "count": 0,
    "updated": 0
  },
  {
    "id": "5ea8df29-83f8-4a54-96d4-00d567017601",
    "data": [
      {
        "text": "okay then",
        "userDefined": false
      }
    ],
    "isTemplate": false,
    "count": 0,
    "updated": 0
  },
  {
    "id": "e04ac76b-d9c7-4e36-88eb-d075718f28f0",
    "data": [
      {
        "text": "k",
        "userDefined": false
      }
    ],
    "isTemplate": false,
    "count": 1,
    "updated": 0
  },
  {
    "id": "d4f7e222-8264-4bc8-a131-d9acaeaeae32",
    "data": [
      {
        "text": "yeh",
        "userDefined": false
      }
    ],
    "isTemplate": false,
    "count": 0,
    "updated": 0
  },
  {
    "id": "3d1e0e1c-9c4e-48bf-878e-c211de5fc5c6",
    "data": [
      {
        "text": "yes right",
        "userDefined": false
      }
    ],
    "isTemplate": false,
    "count": 0,
    "updated": 0
  },
  {
    "id": "2ce93324-3435-42a9-bb6f-fe8dff3a72c9",
    "data": [
      {
        "text": "certainly",
        "userDefined": false
      }
    ],
    "isTemplate": false,
    "count": 0,
    "updated": 0
  },
  {
    "id": "85186504-8a5c-4bac-8a04-2c70a60837c8",
    "data": [
      {
        "text": "okey",
        "userDefined": false
      }
    ],
    "isTemplate": false,
    "count": 1,
    "updated": 0
  },
  {
    "id": "3fd8fb50-9798-4841-9da9-b0948e75b7ce",
    "data": [
      {
        "text": "yes that\u0027s ",
        "userDefined": false
      },
      {
        "text": "fine",
        "meta": "@sys.ignore",
        "userDefined": true
      }
    ],
    "isTemplate": false,
    "count": 0,
    "updated": 0
  },
  {
    "id": "0e3b7b33-3822-4210-8f2a-53069f0d5e5c",
    "data": [
      {
        "text": "sure",
        "meta": "@sys.ignore",
        "userDefined": true
      },
      {
        "text": " thing",
        "userDefined": false
      }
    ],
    "isTemplate": false,
    "count": 0,
    "updated": 0
  },
  {
    "id": "51558e6f-2a6e-4d99-8df3-43eaa1ed6eac",
    "data": [
      {
        "text": "it\u0027",
        "meta": "@sys.ignore",
        "userDefined": true
      },
      {
        "text": "s ",
        "userDefined": false
      },
      {
        "text": "fine",
        "meta": "@sys.ignore",
        "userDefined": true
      }
    ],
    "isTemplate": false,
    "count": 0,
    "updated": 0
  },
  {
    "id": "393d6cff-4494-41fd-8152-a6e2838277f2",
    "data": [
      {
        "text": "sure",
        "meta": "@sys.ignore",
        "userDefined": true
      },
      {
        "text": " why not",
        "userDefined": false
      }
    ],
    "isTemplate": false,
    "count": 0,
    "updated": 0
  },
  {
    "id": "f0c10102-6eaf-488b-bdcc-4a60aacb9aec",
    "data": [
      {
        "text": "yeah ",
        "userDefined": false
      },
      {
        "text": "sure",
        "meta": "@sys.ignore",
        "userDefined": true
      }
    ],
    "isTemplate": false,
    "count": 0,
    "updated": 0
  },
  {
    "id": "b9e887ff-ff73-422e-976e-9bc8701daf52",
    "data": [
      {
        "text": "alrighty",
        "userDefined": false
      }
    ],
    "isTemplate": false,
    "count": 0,
    "updated": 0
  },
  {
    "id": "e23b3041-f648-4784-a289-a8dcb2cbe510",
    "data": [
      {
        "text": "yes this is correct",
        "userDefined": false
      }
    ],
    "isTemplate": false,
    "count": 0,
    "updated": 0
  },
  {
    "id": "5d1d9a1c-7e45-48db-b161-7d9154ca228d",
    "data": [
      {
        "text": "that is ok",
        "userDefined": false
      }
    ],
    "isTemplate": false,
    "count": 0,
    "updated": 0
  },
  {
    "id": "d1120def-ca98-4bd3-9e8b-9ab23e5fc988",
    "data": [
      {
        "text": "I agree",
        "userDefined": false
      }
    ],
    "isTemplate": false,
    "count": 0,
    "updated": 0
  },
  {
    "id": "ae2bea77-6d0d-4cb0-a779-274f031fc947",
    "data": [
      {
        "text": "yeah that\u0027s right",
        "userDefined": false
      }
    ],
    "isTemplate": false,
    "count": 0,
    "updated": 0
  },
  {
    "id": "24bddd5b-6b52-4a0a-ae02-c63d1ffdd6ae",
    "data": [
      {
        "text": "yap",
        "userDefined": false
      }
    ],
    "isTemplate": false,
    "count": 0,
    "updated": 0
  },
  {
    "id": "4d68cf2f-fe79-44e6-a5aa-ee89f638efbb",
    "data": [
      {
        "text": "obviously",
        "userDefined": false
      }
    ],
    "isTemplate": false,
    "count": 0,
    "updated": 0
  },
  {
    "id": "5f3bbe70-e03e-494b-8711-866af2251bb7",
    "data": [
      {
        "text": "definitely",
        "userDefined": false
      }
    ],
    "isTemplate": false,
    "count": 0,
    "updated": 0
  },
  {
    "id": "07eb54e6-0a82-4587-80ac-c6ac7907efba",
    "data": [
      {
        "text": "yes ",
        "userDefined": false
      },
      {
        "text": "sure",
        "meta": "@sys.ignore",
        "userDefined": true
      }
    ],
    "isTemplate": false,
    "count": 0,
    "updated": 0
  },
  {
    "id": "bd3994ce-ce11-420d-bb18-b5be31740b6a",
    "data": [
      {
        "text": "okay sounds ",
        "userDefined": false
      },
      {
        "text": "good",
        "meta": "@sys.ignore",
        "userDefined": true
      }
    ],
    "isTemplate": false,
    "count": 0,
    "updated": 0
  },
  {
    "id": "ac22c4a3-5ca7-4f6b-8d6e-13460110028e",
    "data": [
      {
        "text": "why not",
        "userDefined": false
      }
    ],
    "isTemplate": false,
    "count": 0,
    "updated": 0
  },
  {
    "id": "fcf05866-9aff-4f1f-98ab-b04f826e60a6",
    "data": [
      {
        "text": "affirmative",
        "userDefined": false
      }
    ],
    "isTemplate": false,
    "count": 0,
    "updated": 0
  },
  {
    "id": "d00ece34-6102-4cc9-b2f0-e25ed336dd7a",
    "data": [
      {
        "text": "okie dokie",
        "userDefined": false
      }
    ],
    "isTemplate": false,
    "count": 0,
    "updated": 0
  },
  {
    "id": "3fc1a690-dd13-4dd5-bc5b-068c8df1b298",
    "data": [
      {
        "text": "ok",
        "userDefined": false
      }
    ],
    "isTemplate": false,
    "count": 0,
    "updated": 0
  },
  {
    "id": "35d627a4-f943-463a-a199-d618285ce865",
    "data": [
      {
        "text": "oh yes",
        "userDefined": false
      }
    ],
    "isTemplate": false,
    "count": 1,
    "updated": 0
  },
  {
    "id": "3c58d6f9-b95a-4c45-931c-83c4e200f27a",
    "data": [
      {
        "text": "ok you can",
        "userDefined": false
      }
    ],
    "isTemplate": false,
    "count": 0,
    "updated": 0
  },
  {
    "id": "f7b83125-9f39-4b62-88d2-6a41c532e4d0",
    "data": [
      {
        "text": "of",
        "meta": "@sys.ignore",
        "userDefined": true
      },
      {
        "text": " course why not",
        "userDefined": false
      }
    ],
    "isTemplate": false,
    "count": 0,
    "updated": 0
  },
  {
    "id": "95c0015d-0dc7-4f89-8810-bbaf15547454",
    "data": [
      {
        "text": "yes I agree",
        "userDefined": false
      }
    ],
    "isTemplate": false,
    "count": 0,
    "updated": 0
  },
  {
    "id": "0e29a777-c3af-40b0-aea9-1e6d991a565c",
    "data": [
      {
        "text": "I do",
        "userDefined": false
      }
    ],
    "isTemplate": false,
    "count": 0,
    "updated": 0
  },
  {
    "id": "c2eee31e-10de-4ed2-bce6-420fd27696c2",
    "data": [
      {
        "text": "nevermind",
        "meta": "@sys.ignore",
        "userDefined": true
      },
      {
        "text": " its okay",
        "userDefined": false
      }
    ],
    "isTemplate": false,
    "count": 0,
    "updated": 0
  },
  {
    "id": "59e08232-0860-4f4d-be1f-395ec0e372fe",
    "data": [
      {
        "text": "absolutely",
        "userDefined": false
      }
    ],
    "isTemplate": false,
    "count": 0,
    "updated": 0
  },
  {
    "id": "dec1da7b-dbd2-46dd-9393-cb83126ff220",
    "data": [
      {
        "text": "ok yes",
        "userDefined": false
      }
    ],
    "isTemplate": false,
    "count": 0,
    "updated": 0
  },
  {
    "id": "ca60ed9e-669e-48fb-9c9f-5f93fad07882",
    "data": [
      {
        "text": "yes ",
        "userDefined": false
      },
      {
        "text": "it",
        "meta": "@sys.ignore",
        "userDefined": true
      },
      {
        "text": " is correct",
        "userDefined": false
      }
    ],
    "isTemplate": false,
    "count": 0,
    "updated": 0
  },
  {
    "id": "c77d4664-d84c-4f82-ae97-3f6ef5515c2c",
    "data": [
      {
        "text": "yeah",
        "userDefined": false
      }
    ],
    "isTemplate": false,
    "count": 0,
    "updated": 0
  },
  {
    "id": "ee1d845c-b127-459c-bb35-fe455467f549",
    "data": [
      {
        "text": "okay",
        "userDefined": false
      }
    ],
    "isTemplate": false,
    "count": 0,
    "updated": 0
  },
  {
    "id": "0ad9f315-eb94-48cc-a64d-ef0a2e2d34b1",
    "data": [
      {
        "text": "sure",
        "meta": "@sys.ignore",
        "userDefined": true
      },
      {
        "text": " is",
        "userDefined": false
      }
    ],
    "isTemplate": false,
    "count": 0,
    "updated": 0
  },
  {
    "id": "b3f26d80-019a-4311-a485-b6d28d04f0aa",
    "data": [
      {
        "text": "yes I would like to",
        "userDefined": false
      }
    ],
    "isTemplate": false,
    "count": 0,
    "updated": 0
  },
  {
    "id": "a5d31b85-3ed6-4d57-a707-000c8e99d619",
    "data": [
      {
        "text": "yeah right",
        "userDefined": false
      }
    ],
    "isTemplate": false,
    "count": 0,
    "updated": 0
  },
  {
    "id": "23dc0db6-69fe-4eba-980c-f8e20fd42465",
    "data": [
      {
        "text": "yes you ",
        "userDefined": false
      },
      {
        "text": "may",
        "meta": "@sys.ignore",
        "userDefined": true
      }
    ],
    "isTemplate": false,
    "count": 0,
    "updated": 0
  },
  {
    "id": "deb753a9-c745-4664-bf9a-862a9cf9e4d0",
    "data": [
      {
        "text": "all",
        "meta": "@sys.ignore",
        "userDefined": true
      },
      {
        "text": " ",
        "userDefined": false
      },
      {
        "text": "right",
        "meta": "@sys.ignore",
        "userDefined": true
      }
    ],
    "isTemplate": false,
    "count": 0,
    "updated": 0
  },
  {
    "id": "fd7fd204-16fc-46ce-86eb-88e501510b59",
    "data": [
      {
        "text": "confirm",
        "userDefined": false
      }
    ],
    "isTemplate": false,
    "count": 0,
    "updated": 0
  },
  {
    "id": "2b57e063-57df-45b5-90b5-9360981fcd4a",
    "data": [
      {
        "text": "yeah ",
        "userDefined": false
      },
      {
        "text": "I\u0027m",
        "meta": "@sys.ignore",
        "userDefined": true
      },
      {
        "text": " ",
        "userDefined": false
      },
      {
        "text": "sure",
        "meta": "@sys.ignore",
        "userDefined": true
      }
    ],
    "isTemplate": false,
    "count": 0,
    "updated": 0
  },
  {
    "id": "9373c283-b4fb-419c-8e9a-e529a2fc8ca4",
    "data": [
      {
        "text": "I ",
        "userDefined": false
      },
      {
        "text": "don\u0027",
        "meta": "@sys.ignore",
        "userDefined": true
      },
      {
        "text": "t mind",
        "userDefined": false
      }
    ],
    "isTemplate": false,
    "count": 0,
    "updated": 0
  },
  {
    "id": "8545d626-1f30-4afa-b434-100642f752c9",
    "data": [
      {
        "text": "right",
        "userDefined": false
      }
    ],
    "isTemplate": false,
    "count": 0,
    "updated": 0
  },
  {
    "id": "1365edc2-1083-425e-8693-9aecd2cd70ca",
    "data": [
      {
        "text": "yea",
        "userDefined": false
      }
    ],
    "isTemplate": false,
    "count": 1,
    "updated": 0
  },
  {
    "id": "8ba83cfb-5b16-4713-8d6f-065ee335786a",
    "data": [
      {
        "text": "ok ",
        "userDefined": false
      },
      {
        "text": "thank you",
        "meta": "@sys.ignore",
        "userDefined": true
      }
    ],
    "isTemplate": false,
    "count": 0,
    "updated": 0
  },
  {
    "id": "481c389b-7407-44c6-a2dc-7f7d476fa334",
    "data": [
      {
        "text": "yes I do",
        "userDefined": false
      }
    ],
    "isTemplate": false,
    "count": 1,
    "updated": 0
  },
  {
    "id": "db73f15c-33fd-4362-87ef-7b542114f0fe",
    "data": [
      {
        "text": "exactly",
        "userDefined": false
      }
    ],
    "isTemplate": false,
    "count": 1,
    "updated": 0
  },
  {
    "id": "296d1cde-3218-482e-93f7-6e4885a6ba85",
    "data": [
      {
        "text": "okay that\u0027s ",
        "userDefined": false
      },
      {
        "text": "fine",
        "meta": "@sys.ignore",
        "userDefined": true
      }
    ],
    "isTemplate": false,
    "count": 0,
    "updated": 0
  },
  {
    "id": "e697b77b-556f-4cf9-9c27-5b3365399058",
    "data": [
      {
        "text": "go ahead",
        "userDefined": false
      }
    ],
    "isTemplate": false,
    "count": 0,
    "updated": 0
  },
  {
    "id": "14be1850-1efb-4977-923f-3269c2feec15",
    "data": [
      {
        "text": "yes definitely",
        "userDefined": false
      }
    ],
    "isTemplate": false,
    "count": 0,
    "updated": 0
  },
  {
    "id": "6f5a6ce9-63a4-46e6-a8e1-8081c93df190",
    "data": [
      {
        "text": "go for ",
        "userDefined": false
      },
      {
        "text": "it",
        "meta": "@sys.ignore",
        "userDefined": false
      }
    ],
    "isTemplate": false,
    "count": 0,
    "updated": 0
  },
  {
    "id": "e74cc513-5c80-414d-8fde-fdf4405ede1b",
    "data": [
      {
        "text": "yeah go ahead",
        "userDefined": false
      }
    ],
    "isTemplate": false,
    "count": 0,
    "updated": 0
  },
  {
    "id": "e7727c7c-e00a-4e97-8e49-be753bba6ce7",
    "data": [
      {
        "text": "sounds good",
        "userDefined": false
      }
    ],
    "isTemplate": false,
    "count": 0,
    "updated": 0
  },
  {
    "id": "fcff7116-0d6d-47ad-b93b-5da601d3188c",
    "data": [
      {
        "text": "yes indeed",
        "userDefined": false
      }
    ],
    "isTemplate": false,
    "count": 0,
    "updated": 0
  },
  {
    "id": "58b8f223-e03d-40d5-92bf-e7d9afc919ba",
    "data": [
      {
        "text": "yes ",
        "userDefined": false
      },
      {
        "text": "thank you",
        "meta": "@sys.ignore",
        "userDefined": true
      }
    ],
    "isTemplate": false,
    "count": 0,
    "updated": 0
  },
  {
    "id": "bbb4c9aa-e130-42d6-964e-ae03210126d0",
    "data": [
      {
        "text": "I guess",
        "userDefined": false
      }
    ],
    "isTemplate": false,
    "count": 0,
    "updated": 0
  },
  {
    "id": "967ef036-7676-45d1-bff6-e5c8a59fdbe7",
    "data": [
      {
        "text": "yes correct",
        "userDefined": false
      }
    ],
    "isTemplate": false,
    "count": 0,
    "updated": 0
  },
  {
    "id": "1fe239e3-2347-4c05-a3ac-5ef529ce7417",
    "data": [
      {
        "text": "of",
        "meta": "@sys.ignore",
        "userDefined": false
      },
      {
        "text": " course",
        "userDefined": false
      }
    ],
    "isTemplate": false,
    "count": 0,
    "updated": 0
  },
  {
    "id": "8be7d31d-cad3-455e-83ba-25102ebe5fb9",
    "data": [
      {
        "text": "yeah ",
        "userDefined": false
      },
      {
        "text": "of",
        "meta": "@sys.ignore",
        "userDefined": true
      },
      {
        "text": " course",
        "userDefined": false
      }
    ],
    "isTemplate": false,
    "count": 0,
    "updated": 0
  },
  {
    "id": "9a2097b3-9c88-4204-ba54-c0dd9cfd7da9",
    "data": [
      {
        "text": "that\u0027s correct",
        "userDefined": false
      }
    ],
    "isTemplate": false,
    "count": 0,
    "updated": 0
  },
  {
    "id": "15d36988-4847-4cca-ad11-cce5158081bf",
    "data": [
      {
        "text": "ok go ahead",
        "userDefined": false
      }
    ],
    "isTemplate": false,
    "count": 0,
    "updated": 0
  },
  {
    "id": "13978f37-1405-42fc-b6e4-8d750a8da3aa",
    "data": [
      {
        "text": "that s okay",
        "userDefined": false
      }
    ],
    "isTemplate": false,
    "count": 0,
    "updated": 0
  },
  {
    "id": "2ef84a80-7f8e-431e-90e9-b51c61cb2d4f",
    "data": [
      {
        "text": "yup",
        "userDefined": false
      }
    ],
    "isTemplate": false,
    "count": 3,
    "updated": 0
  },
  {
    "id": "487c58dc-1317-4c09-a335-367094807ff5",
    "data": [
      {
        "text": "do ",
        "userDefined": false
      },
      {
        "text": "it",
        "meta": "@sys.ignore",
        "userDefined": false
      }
    ],
    "isTemplate": false,
    "count": 0,
    "updated": 0
  },
  {
    "id": "816613ae-a611-468b-91c2-0ad43739ac27",
    "data": [
      {
        "text": "I think so",
        "userDefined": false
      }
    ],
    "isTemplate": false,
    "count": 0,
    "updated": 0
  },
  {
    "id": "c1237503-e500-4435-856d-991da1054444",
    "data": [
      {
        "text": "confirmed",
        "userDefined": false
      }
    ],
    "isTemplate": false,
    "count": 0,
    "updated": 0
  },
  {
    "id": "b96019b8-e9a2-44b9-9728-a81064861bcc",
    "data": [
      {
        "text": "yes",
        "userDefined": false
      }
    ],
    "isTemplate": false,
    "count": 0,
    "updated": 0
  },
  {
    "id": "f0d2849f-0bc0-4cbd-9301-48f7fd112ca0",
    "data": [
      {
        "text": "correct",
        "userDefined": false
      }
    ],
    "isTemplate": false,
    "count": 1,
    "updated": 0
  },
  {
    "id": "02687805-a8b7-4ed6-8522-cfd6e2e967c0",
    "data": [
      {
        "text": "yes ",
        "userDefined": false
      },
      {
        "text": "it",
        "meta": "@sys.ignore",
        "userDefined": true
      },
      {
        "text": " is",
        "userDefined": false
      }
    ],
    "isTemplate": false,
    "count": 1,
    "updated": 0
  },
  {
    "id": "3b564716-5400-4c55-a872-802c64936161",
    "data": [
      {
        "text": "ok ",
        "userDefined": false
      },
      {
        "text": "sure",
        "meta": "@sys.ignore",
        "userDefined": true
      }
    ],
    "isTemplate": false,
    "count": 0,
    "updated": 0
  },
  {
    "id": "2b5b94d6-1e85-4695-83c2-f58d21414c74",
    "data": [
      {
        "text": "yes ",
        "userDefined": false
      },
      {
        "text": "of",
        "meta": "@sys.ignore",
        "userDefined": true
      },
      {
        "text": " course",
        "userDefined": false
      }
    ],
    "isTemplate": false,
    "count": 0,
    "updated": 0
  },
  {
    "id": "d591d541-9636-4e9d-a611-31f6aa95fc0d",
    "data": [
      {
        "text": "looks ",
        "userDefined": false
      },
      {
        "text": "good",
        "meta": "@sys.ignore",
        "userDefined": true
      }
    ],
    "isTemplate": false,
    "count": 0,
    "updated": 0
  },
  {
    "id": "39917bd1-a0e7-466a-8f49-cdd67dc108d5",
    "data": [
      {
        "text": "ye",
        "userDefined": false
      }
    ],
    "isTemplate": false,
    "count": 0,
    "updated": 0
  },
  {
    "id": "71b8e0f5-1394-4177-a210-19f9e01fc79a",
    "data": [
      {
        "text": "yes ",
        "userDefined": false
      },
      {
        "text": "for sure",
        "meta": "@sys.ignore",
        "userDefined": true
      }
    ],
    "isTemplate": false,
    "count": 0,
    "updated": 0
  }
]