[
  {
    "id": "67248b5f-31e9-4bff-83e7-7fc04e120258",
    "data": [
      {
        "text": "absolutely no",
        "userDefined": false
      }
    ],
    "isTemplate": false,
    "count": 0,
    "updated": 0
  },
  {
    "id": "e669127e-2a21-48c2-b07c-4840c50ce3bb",
    "data": [
      {
        "text": "no ",
        "userDefined": false
      },
      {
        "text": "leave",
        "meta": "@sys.ignore",
        "userDefined": false
      },
      {
        "text": " ",
        "userDefined": false
      },
      {
        "text": "it",
        "meta": "@sys.ignore",
        "userDefined": false
      }
    ],
    "isTemplate": false,
    "count": 0,
    "updated": 0
  },
  {
    "id": "7428500c-6ac8-4e2c-bc19-bbba3d317f86",
    "data": [
      {
        "text": "no ",
        "userDefined": false
      },
      {
        "text": "it\u0027s",
        "meta": "@sys.ignore",
        "userDefined": false
      },
      {
        "text": " not",
        "userDefined": false
      }
    ],
    "isTemplate": false,
    "count": 0,
    "updated": 0
  },
  {
    "id": "af727acd-d164-4a05-99c0-3aa25de08680",
    "data": [
      {
        "text": "no but thank you",
        "userDefined": false
      }
    ],
    "isTemplate": false,
    "count": 0,
    "updated": 0
  },
  {
    "id": "1e8787a4-964a-4d17-980c-31a274421d7a",
    "data": [
      {
        "text": "not needed",
        "userDefined": false
      }
    ],
    "isTemplate": false,
    "count": 0,
    "updated": 0
  },
  {
    "id": "7ee0a060-130e-48dd-8e2d-5ddbbc695aef",
    "data": [
      {
        "text": "no",
        "userDefined": false
      }
    ],
    "isTemplate": false,
    "count": 0,
    "updated": 0
  },
  {
    "id": "de1f7d08-894c-42fc-8fd3-ca1a31c9c1a2",
    "data": [
      {
        "text": "I ",
        "userDefined": false
      },
      {
        "text": "don",
        "meta": "@sys.ignore",
        "userDefined": false
      },
      {
        "text": "\u0027t want that",
        "userDefined": false
      }
    ],
    "isTemplate": false,
    "count": 0,
    "updated": 0
  },
  {
    "id": "4763f7d4-997a-4994-93f4-03c353f476e9",
    "data": [
      {
        "text": "nooo",
        "userDefined": false
      }
    ],
    "isTemplate": false,
    "count": 0,
    "updated": 0
  },
  {
    "id": "af089953-ceb4-4c71-9957-dbb02b0d6fb3",
    "data": [
      {
        "text": "don\u0027t",
        "userDefined": false
      }
    ],
    "isTemplate": false,
    "count": 0,
    "updated": 0
  },
  {
    "id": "4d232e08-a46f-48e8-93bf-489d0d41a4d3",
    "data": [
      {
        "text": "na",
        "userDefined": false
      }
    ],
    "isTemplate": false,
    "count": 0,
    "updated": 0
  },
  {
    "id": "084608c0-e40d-4a37-8892-d6f18469d81a",
    "data": [
      {
        "text": "no incorrect",
        "userDefined": false
      }
    ],
    "isTemplate": false,
    "count": 0,
    "updated": 0
  },
  {
    "id": "9e2f9f84-7e35-49cc-a6f1-082a24161d3f",
    "data": [
      {
        "text": "apparently not",
        "userDefined": false
      }
    ],
    "isTemplate": false,
    "count": 0,
    "updated": 0
  },
  {
    "id": "5b69bb50-c4ba-44d5-96dc-b78976309491",
    "data": [
      {
        "text": "no thank you though",
        "userDefined": false
      }
    ],
    "isTemplate": false,
    "count": 0,
    "updated": 0
  },
  {
    "id": "76ce929b-f4ca-4ff0-85ea-d91554129aa6",
    "data": [
      {
        "text": "nope sorry",
        "userDefined": false
      }
    ],
    "isTemplate": false,
    "count": 0,
    "updated": 0
  },
  {
    "id": "9911650d-39f9-446d-824b-7c4ad2af31d3",
    "data": [
      {
        "text": "of",
        "meta": "@sys.ignore",
        "userDefined": false
      },
      {
        "text": " course not",
        "userDefined": false
      }
    ],
    "isTemplate": false,
    "count": 0,
    "updated": 0
  },
  {
    "id": "3088111e-47c6-46e7-903d-750edd328f07",
    "data": [
      {
        "text": "sorry no",
        "userDefined": false
      }
    ],
    "isTemplate": false,
    "count": 0,
    "updated": 0
  },
  {
    "id": "4354b475-455a-40cf-a5aa-5186f02cfa5e",
    "data": [
      {
        "text": "no ",
        "userDefined": false
      },
      {
        "text": "thank you",
        "meta": "@sys.ignore",
        "userDefined": false
      },
      {
        "text": " not ",
        "userDefined": false
      },
      {
        "text": "right now",
        "meta": "@sys.ignore",
        "userDefined": false
      }
    ],
    "isTemplate": false,
    "count": 0,
    "updated": 0
  },
  {
    "id": "73e5b82d-a4e7-4c80-b910-243ccc6d69d8",
    "data": [
      {
        "text": "no sorry",
        "userDefined": false
      }
    ],
    "isTemplate": false,
    "count": 0,
    "updated": 0
  },
  {
    "id": "546e7f95-8642-46a9-b395-2056fafa03af",
    "data": [
      {
        "text": "actually no",
        "userDefined": false
      }
    ],
    "isTemplate": false,
    "count": 1,
    "updated": 0
  },
  {
    "id": "9457e537-1e41-4487-b9e1-1c5cd31020dc",
    "data": [
      {
        "text": "not really",
        "userDefined": false
      }
    ],
    "isTemplate": false,
    "count": 1,
    "updated": 0
  },
  {
    "id": "6d684d2d-76cf-4dfb-be7b-33f6866be545",
    "data": [
      {
        "text": "don",
        "meta": "@sys.ignore",
        "userDefined": false
      },
      {
        "text": "\u0027t",
        "userDefined": false
      }
    ],
    "isTemplate": false,
    "count": 0,
    "updated": 0
  },
  {
    "id": "85a2c731-30c8-4558-b71f-d446a55daaa9",
    "data": [
      {
        "text": "no that\u0027s wrong",
        "userDefined": false
      }
    ],
    "isTemplate": false,
    "count": 0,
    "updated": 0
  },
  {
    "id": "28b167ab-779f-4392-9f6a-23777d70d229",
    "data": [
      {
        "text": "no ",
        "userDefined": false
      },
      {
        "text": "it",
        "meta": "@sys.ignore",
        "userDefined": false
      },
      {
        "text": " isn\u0027t",
        "userDefined": false
      }
    ],
    "isTemplate": false,
    "count": 0,
    "updated": 0
  },
  {
    "id": "1aabbbdb-9523-4bfa-98c7-ee36a930b3f3",
    "data": [
      {
        "text": "no thanks",
        "userDefined": false
      }
    ],
    "isTemplate": false,
    "count": 1,
    "updated": 0
  },
  {
    "id": "842a7378-d8b6-4f27-9279-b952210185ac",
    "data": [
      {
        "text": "no tanks",
        "userDefined": false
      }
    ],
    "isTemplate": false,
    "count": 0,
    "updated": 0
  },
  {
    "id": "c820c24d-412a-4195-a19b-2d02420b6b56",
    "data": [
      {
        "text": "no actually",
        "userDefined": false
      }
    ],
    "isTemplate": false,
    "count": 1,
    "updated": 0
  },
  {
    "id": "4fec6b8b-f9c6-4339-8c74-625132cd1613",
    "data": [
      {
        "text": "not at this time",
        "userDefined": false
      }
    ],
    "isTemplate": false,
    "count": 0,
    "updated": 0
  },
  {
    "id": "2593a809-6881-4ac4-a781-75bfa27868cc",
    "data": [
      {
        "text": "no forget",
        "userDefined": false
      }
    ],
    "isTemplate": false,
    "count": 0,
    "updated": 0
  },
  {
    "id": "73b5347d-3992-4fe1-b505-a58849cee734",
    "data": [
      {
        "text": "absolutely not",
        "userDefined": false
      }
    ],
    "isTemplate": false,
    "count": 1,
    "updated": 0
  },
  {
    "id": "4bdb134d-b5ca-4e4b-bdb1-3d5d7d3385ad",
    "data": [
      {
        "text": "I ",
        "userDefined": false
      },
      {
        "text": "don\u0027t",
        "meta": "@sys.ignore",
        "userDefined": false
      },
      {
        "text": " think so",
        "userDefined": false
      }
    ],
    "isTemplate": false,
    "count": 0,
    "updated": 0
  },
  {
    "id": "9832ea3d-38db-4795-a006-3611ac1d3ba7",
    "data": [
      {
        "text": "no ",
        "userDefined": false
      },
      {
        "text": "don\u0027",
        "meta": "@sys.ignore",
        "userDefined": false
      },
      {
        "text": "t do that",
        "userDefined": false
      }
    ],
    "isTemplate": false,
    "count": 0,
    "updated": 0
  },
  {
    "id": "b1e222dd-e090-4924-88ad-48ac5234c05c",
    "data": [
      {
        "text": "no just no",
        "userDefined": false
      }
    ],
    "isTemplate": false,
    "count": 0,
    "updated": 0
  },
  {
    "id": "01b4f368-4390-4738-afa8-b416570c1cec",
    "data": [
      {
        "text": "no thank you very much",
        "userDefined": false
      }
    ],
    "isTemplate": false,
    "count": 0,
    "updated": 0
  },
  {
    "id": "2411f926-bd1a-4c7a-ac35-a86e5c94911d",
    "data": [
      {
        "text": "definitely not",
        "userDefined": false
      }
    ],
    "isTemplate": false,
    "count": 0,
    "updated": 0
  },
  {
    "id": "fe7420d3-cdec-407a-aa55-e5d22d55d75f",
    "data": [
      {
        "text": "not exactly",
        "userDefined": false
      }
    ],
    "isTemplate": false,
    "count": 0,
    "updated": 0
  },
  {
    "id": "7e5d450d-e02e-4a8c-80ac-293aa29f6c5e",
    "data": [
      {
        "text": "not interested",
        "userDefined": false
      }
    ],
    "isTemplate": false,
    "count": 0,
    "updated": 0
  },
  {
    "id": "695f52dd-2e96-4c06-8f95-c67ecfa445d1",
    "data": [
      {
        "text": "do not",
        "userDefined": false
      }
    ],
    "isTemplate": false,
    "count": 0,
    "updated": 0
  },
  {
    "id": "f65c8b72-7576-43ea-a01f-ee01c6f781bf",
    "data": [
      {
        "text": "I ",
        "userDefined": false
      },
      {
        "text": "don\u0027t",
        "meta": "@sys.ignore",
        "userDefined": false
      },
      {
        "text": " want to",
        "userDefined": false
      }
    ],
    "isTemplate": false,
    "count": 0,
    "updated": 0
  },
  {
    "id": "61d10493-2aeb-419a-a4f6-21ee77242d4e",
    "data": [
      {
        "text": "no thanks not right now",
        "userDefined": false
      }
    ],
    "isTemplate": false,
    "count": 0,
    "updated": 0
  },
  {
    "id": "bd5b6ac5-8248-4797-9966-b1c0ae1fbc3b",
    "data": [
      {
        "text": "not that",
        "userDefined": false
      }
    ],
    "isTemplate": false,
    "count": 0,
    "updated": 0
  },
  {
    "id": "72538f4d-1302-48eb-8c8e-e1a7193885e8",
    "data": [
      {
        "text": "no never",
        "userDefined": false
      }
    ],
    "isTemplate": false,
    "count": 0,
    "updated": 0
  },
  {
    "id": "7b917e10-f1b3-4592-ab38-ce20056bd191",
    "data": [
      {
        "text": "not this",
        "userDefined": false
      }
    ],
    "isTemplate": false,
    "count": 0,
    "updated": 0
  },
  {
    "id": "e330e5b2-fbc7-4b97-b799-fd11541f4127",
    "data": [
      {
        "text": "no don\u0027t",
        "userDefined": false
      }
    ],
    "isTemplate": false,
    "count": 0,
    "updated": 0
  },
  {
    "id": "b587b381-a0c8-4e22-9f6e-931a349c8015",
    "data": [
      {
        "text": "no that\u0027s ",
        "userDefined": false
      },
      {
        "text": "fine",
        "meta": "@sys.ignore",
        "userDefined": false
      },
      {
        "text": " ",
        "userDefined": false
      },
      {
        "text": "thank you",
        "meta": "@sys.ignore",
        "userDefined": false
      }
    ],
    "isTemplate": false,
    "count": 0,
    "updated": 0
  },
  {
    "id": "b6442d0b-85bc-45d8-9da1-ca0a1ac3b826",
    "data": [
      {
        "text": "no I ",
        "userDefined": false
      },
      {
        "text": "don\u0027t",
        "meta": "@sys.ignore",
        "userDefined": false
      }
    ],
    "isTemplate": false,
    "count": 0,
    "updated": 0
  },
  {
    "id": "42ba93bb-d28a-4c8e-938b-3c08b12dd4e0",
    "data": [
      {
        "text": "I said no",
        "userDefined": false
      }
    ],
    "isTemplate": false,
    "count": 0,
    "updated": 0
  },
  {
    "id": "8caae89c-c393-4a48-87bf-cc730bb92bbd",
    "data": [
      {
        "text": "not ",
        "userDefined": false
      },
      {
        "text": "right now",
        "meta": "@sys.ignore",
        "userDefined": false
      },
      {
        "text": " thanks",
        "userDefined": false
      }
    ],
    "isTemplate": false,
    "count": 0,
    "updated": 0
  },
  {
    "id": "6b8b6367-2106-4202-9141-8285c13b98b5",
    "data": [
      {
        "text": "no do not",
        "userDefined": false
      }
    ],
    "isTemplate": false,
    "count": 0,
    "updated": 0
  },
  {
    "id": "d3aac3f3-b7d1-4fd9-a813-f02424932fd8",
    "data": [
      {
        "text": "I say no",
        "userDefined": false
      }
    ],
    "isTemplate": false,
    "count": 0,
    "updated": 0
  },
  {
    "id": "b5f988a8-e5f1-43fb-b929-362563ce3cbd",
    "data": [
      {
        "text": "not ",
        "userDefined": false
      },
      {
        "text": "today",
        "meta": "@sys.ignore",
        "userDefined": false
      }
    ],
    "isTemplate": false,
    "count": 0,
    "updated": 0
  },
  {
    "id": "1d10f44a-1e48-4f1a-907f-3b66bc593be3",
    "data": [
      {
        "text": "thanks but no thanks",
        "userDefined": false
      }
    ],
    "isTemplate": false,
    "count": 0,
    "updated": 0
  },
  {
    "id": "eb984630-85d8-4cb0-8195-5f5f035cf52e",
    "data": [
      {
        "text": "I\u0027m not",
        "userDefined": false
      }
    ],
    "isTemplate": false,
    "count": 1,
    "updated": 0
  },
  {
    "id": "697efad0-ad99-48d9-be20-5dd867a06191",
    "data": [
      {
        "text": "never",
        "userDefined": false
      }
    ],
    "isTemplate": false,
    "count": 0,
    "updated": 0
  },
  {
    "id": "021d2511-36f1-40e9-a29e-896156f817b2",
    "data": [
      {
        "text": "no way",
        "userDefined": false
      }
    ],
    "isTemplate": false,
    "count": 0,
    "updated": 0
  },
  {
    "id": "811cb437-a5f8-435c-90cd-2402b00e26b8",
    "data": [
      {
        "text": "not this time",
        "userDefined": false
      }
    ],
    "isTemplate": false,
    "count": 0,
    "updated": 0
  },
  {
    "id": "9ffe0a2e-4706-44fd-8a2a-58b25b03817b",
    "data": [
      {
        "text": "no need",
        "userDefined": false
      }
    ],
    "isTemplate": false,
    "count": 0,
    "updated": 0
  },
  {
    "id": "be7d68b6-27d3-487a-8e9d-4432a4ddce7c",
    "data": [
      {
        "text": "don t have a sense",
        "userDefined": false
      }
    ],
    "isTemplate": false,
    "count": 0,
    "updated": 0
  },
  {
    "id": "3d97ee3f-21b1-40d8-9581-e0e154c5296d",
    "data": [
      {
        "text": "I ",
        "userDefined": false
      },
      {
        "text": "don",
        "meta": "@sys.ignore",
        "userDefined": false
      },
      {
        "text": "\u0027t want",
        "userDefined": false
      }
    ],
    "isTemplate": false,
    "count": 0,
    "updated": 0
  },
  {
    "id": "73fdcd54-8faf-4b24-945b-787440cdc921",
    "data": [
      {
        "text": "how ",
        "userDefined": false
      },
      {
        "text": "about",
        "meta": "@sys.ignore",
        "userDefined": false
      },
      {
        "text": " no",
        "userDefined": false
      }
    ],
    "isTemplate": false,
    "count": 0,
    "updated": 0
  },
  {
    "id": "318de422-fad7-487e-8cce-fe18cda55afb",
    "data": [
      {
        "text": "nope",
        "userDefined": false
      }
    ],
    "isTemplate": false,
    "count": 1,
    "updated": 0
  },
  {
    "id": "5dc3ccc2-ddcf-4633-bc76-65e5060eef89",
    "data": [
      {
        "text": "no need thanks",
        "userDefined": false
      }
    ],
    "isTemplate": false,
    "count": 0,
    "updated": 0
  },
  {
    "id": "8d707b92-3bf4-4c22-b6a1-3d0888e8bb8b",
    "data": [
      {
        "text": "not really no",
        "userDefined": false
      }
    ],
    "isTemplate": false,
    "count": 0,
    "updated": 0
  },
  {
    "id": "cfaa9e2b-0358-4e40-aee6-195e534fe896",
    "data": [
      {
        "text": "let \u0027s not",
        "userDefined": false
      }
    ],
    "isTemplate": false,
    "count": 0,
    "updated": 0
  },
  {
    "id": "395d7088-b4f8-4381-806d-7095ab85fc9b",
    "data": [
      {
        "text": "disagree",
        "userDefined": false
      }
    ],
    "isTemplate": false,
    "count": 0,
    "updated": 0
  },
  {
    "id": "744a589f-e63f-4e3d-b499-1ebb51530c41",
    "data": [
      {
        "text": "nah",
        "userDefined": false
      }
    ],
    "isTemplate": false,
    "count": 0,
    "updated": 0
  },
  {
    "id": "bc255887-cbfd-420f-ae4c-20502907df8c",
    "data": [
      {
        "text": "I disagree",
        "userDefined": false
      }
    ],
    "isTemplate": false,
    "count": 0,
    "updated": 0
  },
  {
    "id": "fcc8f7ad-4d4f-4504-bd99-0a87ac133db2",
    "data": [
      {
        "text": "no I would not",
        "userDefined": false
      }
    ],
    "isTemplate": false,
    "count": 0,
    "updated": 0
  },
  {
    "id": "44dfaa9d-7a05-4b36-bba0-a6cc9f5a24f2",
    "data": [
      {
        "text": "I think no",
        "userDefined": false
      }
    ],
    "isTemplate": false,
    "count": 0,
    "updated": 0
  }
]