[
  {
    "id": "ec812218-3bc2-48d2-ac1c-d60aa15dc190",
    "data": [
      {
        "text": "I\u0027m grieving",
        "userDefined": false
      }
    ],
    "isTemplate": false,
    "count": 0,
    "updated": 1529441206
  },
  {
    "id": "cb3e6ca4-b4c5-463f-a3b1-ff22b7459cbe",
    "data": [
      {
        "text": "I\u0027m having a bad day",
        "userDefined": false
      }
    ],
    "isTemplate": false,
    "count": 0,
    "updated": 1529441206
  },
  {
    "id": "dcf3c20b-f074-4ed0-93c1-d81b06d2d292",
    "data": [
      {
        "text": "I am upset",
        "userDefined": false
      }
    ],
    "isTemplate": false,
    "count": 0,
    "updated": 1529441206
  },
  {
    "id": "84adf4c8-4709-4e88-bb05-b81dd8d8fd86",
    "data": [
      {
        "text": "I am feeling sad",
        "userDefined": false
      }
    ],
    "isTemplate": false,
    "count": 0,
    "updated": 1529441206
  },
  {
    "id": "05b375ac-058f-495b-8193-214bf86944a6",
    "data": [
      {
        "text": "I\u0027m unhappy",
        "userDefined": false
      }
    ],
    "isTemplate": false,
    "count": 0,
    "updated": 1529441206
  },
  {
    "id": "443dc13c-f2eb-4858-b479-6889dd9bafed",
    "data": [
      {
        "text": "I am sad",
        "userDefined": false
      }
    ],
    "isTemplate": false,
    "count": 0,
    "updated": 1529441206
  },
  {
    "id": "3318493a-7ac4-4824-bbcd-b537d6cbbc09",
    "data": [
      {
        "text": "I",
        "meta": "@sys.ignore",
        "userDefined": false
      },
      {
        "text": " want ",
        "userDefined": false
      },
      {
        "text": "to",
        "meta": "@sys.ignore",
        "userDefined": false
      },
      {
        "text": " cry",
        "userDefined": false
      }
    ],
    "isTemplate": false,
    "count": 0,
    "updated": 1529441206
  },
  {
    "id": "66341b93-e56c-4b06-b2c6-5dc789128c21",
    "data": [
      {
        "text": "I\u0027m not happy",
        "userDefined": false
      }
    ],
    "isTemplate": false,
    "count": 0,
    "updated": 1529441206
  },
  {
    "id": "d242ef13-510d-47aa-a139-f3bb990eb7cc",
    "data": [
      {
        "text": "I am depressed",
        "userDefined": false
      }
    ],
    "isTemplate": false,
    "count": 0,
    "updated": 1529441206
  }
]