[
  {
    "id": "45d4f8c5-de0f-40d5-8b67-17c792dc4ce7",
    "data": [
      {
        "text": "how long do I have to wait",
        "userDefined": false
      }
    ],
    "isTemplate": false,
    "count": 0,
    "updated": 0
  },
  {
    "id": "25ab72ba-5a24-47de-a17b-2457d07f1f5a",
    "data": [
      {
        "text": "I\u0027ll wait",
        "userDefined": false
      }
    ],
    "isTemplate": false,
    "count": 0,
    "updated": 0
  },
  {
    "id": "89e4a2a5-0cd3-4ac8-85ea-2e8ac9e48e44",
    "data": [
      {
        "text": "I\u0027m waiting",
        "userDefined": false
      }
    ],
    "isTemplate": false,
    "count": 0,
    "updated": 0
  },
  {
    "id": "1ccbc10c-876d-4871-b08c-dd7ecb01e6a3",
    "data": [
      {
        "text": "still waiting",
        "userDefined": false
      }
    ],
    "isTemplate": false,
    "count": 0,
    "updated": 0
  },
  {
    "id": "d9c40ff2-d61e-4c17-b4c7-32807be71118",
    "data": [
      {
        "text": "I can\u0027t wait anymore",
        "userDefined": false
      }
    ],
    "isTemplate": false,
    "count": 0,
    "updated": 0
  }
]