[
  {
    "id": "6ef662fb-a93e-4de5-9953-61c1bb965097",
    "data": [
      {
        "text": "amazing ",
        "userDefined": false
      },
      {
        "text": "work",
        "meta": "@sys.ignore",
        "userDefined": false
      }
    ],
    "isTemplate": false,
    "count": 0,
    "updated": 0
  },
  {
    "id": "f4411d4c-b1b5-4d4f-bf85-505dbd3a96ec",
    "data": [
      {
        "text": "bravo",
        "userDefined": false
      }
    ],
    "isTemplate": false,
    "count": 0,
    "updated": 0
  },
  {
    "id": "aad96952-6bd4-48ee-97b5-341777e31d97",
    "data": [
      {
        "text": "good",
        "meta": "@sys.ignore",
        "userDefined": false
      },
      {
        "text": " ",
        "userDefined": false
      },
      {
        "text": "work",
        "meta": "@sys.ignore",
        "userDefined": false
      }
    ],
    "isTemplate": false,
    "count": 0,
    "updated": 0
  },
  {
    "id": "347c9add-00ec-4b5f-89dc-8e382c881e60",
    "data": [
      {
        "text": "nice",
        "meta": "@sys.ignore",
        "userDefined": false
      },
      {
        "text": " ",
        "userDefined": false
      },
      {
        "text": "work",
        "meta": "@sys.ignore",
        "userDefined": false
      }
    ],
    "isTemplate": false,
    "count": 0,
    "updated": 0
  },
  {
    "id": "e9e76a6d-1366-4d8e-9679-133c381ed9a0",
    "data": [
      {
        "text": "good job",
        "userDefined": false
      }
    ],
    "isTemplate": false,
    "count": 0,
    "updated": 0
  },
  {
    "id": "12fc3439-5aca-4119-84d8-3ec6e264d4a5",
    "data": [
      {
        "text": "well",
        "meta": "@sys.ignore",
        "userDefined": false
      },
      {
        "text": " done",
        "userDefined": false
      }
    ],
    "isTemplate": false,
    "count": 0,
    "updated": 0
  },
  {
    "id": "2bb79ae1-9641-483b-803c-d8674d1183d1",
    "data": [
      {
        "text": "great",
        "meta": "@sys.ignore",
        "userDefined": false
      },
      {
        "text": " ",
        "userDefined": false
      },
      {
        "text": "work",
        "meta": "@sys.ignore",
        "userDefined": false
      }
    ],
    "isTemplate": false,
    "count": 0,
    "updated": 0
  },
  {
    "id": "27760f1c-e33a-43cf-8e66-9e2199d98b92",
    "data": [
      {
        "text": "way to go",
        "userDefined": false
      }
    ],
    "isTemplate": false,
    "count": 0,
    "updated": 0
  },
  {
    "id": "cd3601f8-9388-4ebb-8772-2cc9187c2a54",
    "data": [
      {
        "text": "great job",
        "userDefined": false
      }
    ],
    "isTemplate": false,
    "count": 0,
    "updated": 0
  }
]