[
  {
    "id": "c5b7ee2c-c993-4489-a293-f682a69243c2",
    "data": [
      {
        "text": "thanks buddy",
        "userDefined": false
      }
    ],
    "isTemplate": false,
    "count": 0,
    "updated": 0
  },
  {
    "id": "e50c3b62-5724-4f72-acf9-1f179eedb4f6",
    "data": [
      {
        "text": "thank you",
        "meta": "@sys.ignore",
        "userDefined": true
      },
      {
        "text": " again",
        "userDefined": false
      }
    ],
    "isTemplate": false,
    "count": 0,
    "updated": 0
  },
  {
    "id": "eca02965-cf9c-4114-ac78-6f04eb9a4ff1",
    "data": [
      {
        "text": "well thank you",
        "userDefined": false
      }
    ],
    "isTemplate": false,
    "count": 0,
    "updated": 0
  },
  {
    "id": "b617b212-4d6d-4a32-91b5-bcbbeb70de93",
    "data": [
      {
        "text": "I appreciate ",
        "userDefined": false
      },
      {
        "text": "it",
        "meta": "@sys.ignore",
        "userDefined": true
      }
    ],
    "isTemplate": false,
    "count": 0,
    "updated": 0
  },
  {
    "id": "5438e447-0085-49fb-9d10-24b25e840a23",
    "data": [
      {
        "text": "thanks ",
        "userDefined": false
      },
      {
        "text": "love",
        "meta": "@sys.ignore",
        "userDefined": true
      }
    ],
    "isTemplate": false,
    "count": 0,
    "updated": 0
  },
  {
    "id": "f80cfb41-4acd-4411-9044-741005ebbce7",
    "data": [
      {
        "text": "thank you",
        "meta": "@sys.ignore",
        "userDefined": true
      },
      {
        "text": " for ",
        "userDefined": false
      },
      {
        "text": "your",
        "meta": "@sys.ignore",
        "userDefined": true
      },
      {
        "text": " help",
        "userDefined": false
      }
    ],
    "isTemplate": false,
    "count": 1,
    "updated": 0
  },
  {
    "id": "971c90f3-f69e-42c3-8650-d875d137ec9a",
    "data": [
      {
        "text": "thank you",
        "userDefined": false
      }
    ],
    "isTemplate": false,
    "count": 0,
    "updated": 0
  },
  {
    "id": "61530a4e-27b7-4a18-a42e-9e31535a5579",
    "data": [
      {
        "text": "alright thanks",
        "userDefined": false
      }
    ],
    "isTemplate": false,
    "count": 0,
    "updated": 0
  },
  {
    "id": "2adbbeac-defe-419c-87dd-26c3356c0840",
    "data": [
      {
        "text": "perfect thank you",
        "userDefined": false
      }
    ],
    "isTemplate": false,
    "count": 0,
    "updated": 0
  },
  {
    "id": "d7aa0a11-66aa-4abf-85b0-8bbddc9b6bce",
    "data": [
      {
        "text": "cheers",
        "meta": "@sys.ignore",
        "userDefined": true
      }
    ],
    "isTemplate": false,
    "count": 0,
    "updated": 0
  },
  {
    "id": "596dddfc-8911-408d-ab21-79cd0fcb8d92",
    "data": [
      {
        "text": "very ",
        "userDefined": false
      },
      {
        "text": "good",
        "meta": "@sys.ignore",
        "userDefined": true
      },
      {
        "text": " ",
        "userDefined": false
      },
      {
        "text": "thank you",
        "meta": "@sys.ignore",
        "userDefined": true
      }
    ],
    "isTemplate": false,
    "count": 0,
    "updated": 0
  },
  {
    "id": "01fb2d3c-e192-4f06-a33d-ec29d4f97c24",
    "data": [
      {
        "text": "I ",
        "userDefined": false
      },
      {
        "text": "thank you",
        "meta": "@sys.ignore",
        "userDefined": true
      }
    ],
    "isTemplate": false,
    "count": 0,
    "updated": 0
  },
  {
    "id": "f90e9ced-b6f1-4025-9f69-8cf3c0619884",
    "data": [
      {
        "text": "appreciate your help",
        "userDefined": false
      }
    ],
    "isTemplate": false,
    "count": 0,
    "updated": 0
  },
  {
    "id": "384a1c9d-9763-4544-91b7-46b4ed149f05",
    "data": [
      {
        "text": "thanx",
        "userDefined": false
      }
    ],
    "isTemplate": false,
    "count": 0,
    "updated": 0
  },
  {
    "id": "f55d634e-4c6a-4755-a0e1-9f229c081374",
    "data": [
      {
        "text": "you helped a lot ",
        "userDefined": false
      },
      {
        "text": "thank you",
        "meta": "@sys.ignore",
        "userDefined": true
      }
    ],
    "isTemplate": false,
    "count": 1,
    "updated": 0
  },
  {
    "id": "10ab2170-4bbb-449f-a2e6-04b13e29c11c",
    "data": [
      {
        "text": "thanks a lot",
        "userDefined": false
      }
    ],
    "isTemplate": false,
    "count": 0,
    "updated": 0
  },
  {
    "id": "5ea916ab-b5c2-41b6-bcd7-d9ab9d0132dc",
    "data": [
      {
        "text": "thank you",
        "meta": "@sys.ignore",
        "userDefined": true
      },
      {
        "text": " so much",
        "userDefined": false
      }
    ],
    "isTemplate": false,
    "count": 0,
    "updated": 0
  },
  {
    "id": "c6beafa3-3100-478f-87e9-bb6d2da9354c",
    "data": [
      {
        "text": "great ",
        "userDefined": false
      },
      {
        "text": "thank you",
        "meta": "@sys.ignore",
        "userDefined": true
      }
    ],
    "isTemplate": false,
    "count": 0,
    "updated": 0
  },
  {
    "id": "9cfb7db0-332b-4d68-8ae2-8437a3b356d5",
    "data": [
      {
        "text": "no ",
        "userDefined": false
      },
      {
        "text": "thank you",
        "meta": "@sys.ignore",
        "userDefined": true
      },
      {
        "text": " that\u0027s ",
        "userDefined": false
      },
      {
        "text": "all",
        "meta": "@sys.ignore",
        "userDefined": true
      }
    ],
    "isTemplate": false,
    "count": 0,
    "updated": 0
  },
  {
    "id": "633cdeb0-cc0b-4818-b3b0-eda24eabd42a",
    "data": [
      {
        "text": "thanks again",
        "userDefined": false
      }
    ],
    "isTemplate": false,
    "count": 0,
    "updated": 0
  },
  {
    "id": "c1aaba96-1c9d-43d0-953b-ec572d09ace2",
    "data": [
      {
        "text": "nice",
        "meta": "@sys.ignore",
        "userDefined": true
      },
      {
        "text": " ",
        "userDefined": false
      },
      {
        "text": "thank you",
        "meta": "@sys.ignore",
        "userDefined": true
      }
    ],
    "isTemplate": false,
    "count": 0,
    "updated": 0
  },
  {
    "id": "44681f2d-8ad8-42dc-87c0-5e3689b8ecf7",
    "data": [
      {
        "text": "all thank you",
        "userDefined": false
      }
    ],
    "isTemplate": false,
    "count": 1,
    "updated": 0
  },
  {
    "id": "d34cec85-4ef8-4171-850a-d6ae7be9d751",
    "data": [
      {
        "text": "good",
        "meta": "@sys.ignore",
        "userDefined": true
      },
      {
        "text": " thanks",
        "userDefined": false
      }
    ],
    "isTemplate": false,
    "count": 0,
    "updated": 0
  },
  {
    "id": "bb17f3e5-20eb-46ef-a154-9bfac51b2070",
    "data": [
      {
        "text": "thanks",
        "userDefined": false
      }
    ],
    "isTemplate": false,
    "count": 0,
    "updated": 0
  },
  {
    "id": "22ddcd46-0c93-4f79-879e-749e869710a7",
    "data": [
      {
        "text": "thank you",
        "meta": "@sys.ignore",
        "userDefined": true
      }
    ],
    "isTemplate": false,
    "count": 0,
    "updated": 0
  },
  {
    "id": "542cb068-49ea-43f9-910f-f709fc47f8f0",
    "data": [
      {
        "text": "thanks so much",
        "userDefined": false
      }
    ],
    "isTemplate": false,
    "count": 0,
    "updated": 0
  },
  {
    "id": "aabd8381-898c-4add-9d0e-2add3527dfbd",
    "data": [
      {
        "text": "well",
        "meta": "@sys.ignore",
        "userDefined": true
      },
      {
        "text": " thanks",
        "userDefined": false
      }
    ],
    "isTemplate": false,
    "count": 0,
    "updated": 0
  },
  {
    "id": "5916dc83-c4d2-48d0-8e5d-f9025ecec98e",
    "data": [
      {
        "text": "thnx",
        "userDefined": false
      }
    ],
    "isTemplate": false,
    "count": 0,
    "updated": 0
  },
  {
    "id": "996ea0e1-552c-4c89-ad3e-6bcd3bdcb13d",
    "data": [
      {
        "text": "thanks for ",
        "userDefined": false
      },
      {
        "text": "your",
        "meta": "@sys.ignore",
        "userDefined": true
      },
      {
        "text": " help",
        "userDefined": false
      }
    ],
    "isTemplate": false,
    "count": 0,
    "updated": 0
  },
  {
    "id": "804f4911-d616-44bb-a762-9645b33713b7",
    "data": [
      {
        "text": "so ",
        "userDefined": false
      },
      {
        "text": "nice",
        "meta": "@sys.ignore",
        "userDefined": true
      },
      {
        "text": " of you",
        "userDefined": false
      }
    ],
    "isTemplate": false,
    "count": 0,
    "updated": 0
  },
  {
    "id": "c3852848-0b0e-4438-afd2-699ac030f4fa",
    "data": [
      {
        "text": "thank you",
        "meta": "@sys.ignore",
        "userDefined": true
      },
      {
        "text": " that ",
        "userDefined": false
      },
      {
        "text": "will",
        "meta": "@sys.ignore",
        "userDefined": true
      },
      {
        "text": " be ",
        "userDefined": false
      },
      {
        "text": "all",
        "meta": "@sys.ignore",
        "userDefined": true
      }
    ],
    "isTemplate": false,
    "count": 0,
    "updated": 0
  },
  {
    "id": "8716ecea-3045-4e8d-8e8c-cf5e5dd5be6e",
    "data": [
      {
        "text": "alright ",
        "userDefined": false
      },
      {
        "text": "thank you",
        "meta": "@sys.ignore",
        "userDefined": true
      }
    ],
    "isTemplate": false,
    "count": 1,
    "updated": 0
  },
  {
    "id": "5d238dc9-fdfd-4cbe-a95e-1789b7402267",
    "data": [
      {
        "text": "well thanks",
        "userDefined": false
      }
    ],
    "isTemplate": false,
    "count": 0,
    "updated": 0
  },
  {
    "id": "6db0af71-f4ae-4fbb-8fb8-34461e4eb3b9",
    "data": [
      {
        "text": "terrific ",
        "userDefined": false
      },
      {
        "text": "thank you",
        "meta": "@sys.ignore",
        "userDefined": true
      }
    ],
    "isTemplate": false,
    "count": 0,
    "updated": 0
  },
  {
    "id": "aa240a27-3892-4a22-98c3-98f53023caea",
    "data": [
      {
        "text": "thank you",
        "meta": "@sys.ignore",
        "userDefined": true
      },
      {
        "text": " ",
        "userDefined": false
      },
      {
        "text": "my friend",
        "meta": "@sys.ignore",
        "userDefined": true
      }
    ],
    "isTemplate": false,
    "count": 0,
    "updated": 0
  }
]