[
  {
    "id": "f41669fc-a126-469e-ad2e-f113a3ee151d",
    "data": [
      {
        "text": "I\u0027m just playing with you",
        "userDefined": false
      }
    ],
    "isTemplate": false,
    "count": 0,
    "updated": 1529441326
  },
  {
    "id": "d59df5b7-d671-4db4-9bea-dd3ac9460ce6",
    "data": [
      {
        "text": "I\u0027m kidding",
        "userDefined": false
      }
    ],
    "isTemplate": false,
    "count": 0,
    "updated": 1529441326
  },
  {
    "id": "d83c3474-db9a-42ea-bc80-4e8cc968ec28",
    "data": [
      {
        "text": "joking",
        "userDefined": false
      }
    ],
    "isTemplate": false,
    "count": 0,
    "updated": 1529441326
  },
  {
    "id": "8caee5fb-c272-4ace-8935-3d895273a5ee",
    "data": [
      {
        "text": "it\u0027s a joke",
        "userDefined": false
      }
    ],
    "isTemplate": false,
    "count": 0,
    "updated": 1529441326
  },
  {
    "id": "cc137e24-28c5-42b0-8c92-630b6ffe6425",
    "data": [
      {
        "text": "it was a joke",
        "userDefined": false
      }
    ],
    "isTemplate": false,
    "count": 0,
    "updated": 1529441326
  },
  {
    "id": "9b759f58-5ed1-401e-b091-dcdc334c25eb",
    "data": [
      {
        "text": "I\u0027m just being funny",
        "userDefined": false
      }
    ],
    "isTemplate": false,
    "count": 0,
    "updated": 1529441326
  },
  {
    "id": "f5d45b98-b8da-49bb-89c0-d0be0d806c4e",
    "data": [
      {
        "text": "kidding",
        "userDefined": false
      }
    ],
    "isTemplate": false,
    "count": 0,
    "updated": 1529441326
  },
  {
    "id": "35d67d4a-15bc-42f4-baad-13d62b8c89d9",
    "data": [
      {
        "text": "I am joking",
        "userDefined": false
      }
    ],
    "isTemplate": false,
    "count": 0,
    "updated": 1529441326
  },
  {
    "id": "1dc27ea5-db77-40f2-99db-9d1f9c1327b1",
    "data": [
      {
        "text": "just kidding",
        "userDefined": false
      }
    ],
    "isTemplate": false,
    "count": 0,
    "updated": 1529441326
  },
  {
    "id": "13797c08-3f1f-4126-a61e-a68ac31d117b",
    "data": [
      {
        "text": "I was just joking",
        "userDefined": false
      }
    ],
    "isTemplate": false,
    "count": 0,
    "updated": 1529441326
  }
]