[
  {
    "id": "dd7a30ca-4813-48c9-ab3d-34e54a80e4be",
    "data": [
      {
        "text": "bored",
        "userDefined": false
      }
    ],
    "isTemplate": false,
    "count": 0,
    "updated": 1529517314
  },
  {
    "id": "37780db1-965c-47bd-b0a6-0e09555393cd",
    "data": [
      {
        "text": "boring",
        "meta": "@sys.ignore",
        "userDefined": false
      }
    ],
    "isTemplate": false,
    "count": 0,
    "updated": 1529517314
  },
  {
    "id": "c766a123-805d-40f1-923a-fe97fad2c3ca",
    "data": [
      {
        "text": "it bores me",
        "userDefined": false
      }
    ],
    "isTemplate": false,
    "count": 0,
    "updated": 1529517314
  },
  {
    "id": "d31752e9-468f-45cb-8c82-2ee8a16eb7d3",
    "data": [
      {
        "text": "that was ",
        "userDefined": false
      },
      {
        "text": "boring",
        "meta": "@sys.ignore",
        "userDefined": false
      }
    ],
    "isTemplate": false,
    "count": 0,
    "updated": 1529517314
  },
  {
    "id": "0da1fb37-1ad1-4a4a-b026-6a76b4bbe9cc",
    "data": [
      {
        "text": "this is ",
        "userDefined": false
      },
      {
        "text": "boring",
        "meta": "@sys.ignore",
        "userDefined": false
      }
    ],
    "isTemplate": false,
    "count": 0,
    "updated": 1529517314
  },
  {
    "id": "256b3a81-bfd9-46e4-9d08-88dc7b297896",
    "data": [
      {
        "text": "I\u0027m bored",
        "userDefined": false
      }
    ],
    "isTemplate": false,
    "count": 0,
    "updated": 1529517314
  },
  {
    "id": "fa89ad36-1123-45fa-91a9-4f62978f622a",
    "data": [
      {
        "text": "very ",
        "userDefined": false
      },
      {
        "text": "boring",
        "meta": "@sys.ignore",
        "userDefined": false
      }
    ],
    "isTemplate": false,
    "count": 0,
    "updated": 1529517314
  },
  {
    "id": "3447ea40-ee21-4f7f-81b4-7bdcab7564df",
    "data": [
      {
        "text": "I am getting bored",
        "userDefined": false
      }
    ],
    "isTemplate": false,
    "count": 0,
    "updated": 1529517314
  }
]