[
  {
    "id": "1bc262b8-fdf3-406f-9db2-9cdfc7620ded",
    "data": [
      {
        "text": "protect me from ",
        "userDefined": false
      },
      {
        "text": "tsunami",
        "alias": "Tsunami",
        "meta": "@Tsunami",
        "userDefined": false
      }
    ],
    "isTemplate": false,
    "count": 0,
    "updated": 1539681604
  },
  {
    "id": "283ac894-09e5-4940-8ab3-f236acb4d307",
    "data": [
      {
        "text": "what to do in ",
        "userDefined": false
      },
      {
        "text": "tsunami",
        "alias": "Tsunami",
        "meta": "@Tsunami",
        "userDefined": true
      }
    ],
    "isTemplate": false,
    "count": 0,
    "updated": 1539681604
  },
  {
    "id": "23dc8e95-519a-4c88-9434-8db1c89ae254",
    "data": [
      {
        "text": "there is a ",
        "userDefined": false
      },
      {
        "text": "tsunami",
        "alias": "Tsunami",
        "meta": "@Tsunami",
        "userDefined": true
      },
      {
        "text": " alert",
        "userDefined": false
      }
    ],
    "isTemplate": false,
    "count": 0,
    "updated": 1539681604
  },
  {
    "id": "928eeead-b9d1-49b5-a70e-7b6c346b83a6",
    "data": [
      {
        "text": "i am facing a ",
        "userDefined": false
      },
      {
        "text": "tsunami",
        "alias": "Tsunami",
        "meta": "@Tsunami",
        "userDefined": true
      }
    ],
    "isTemplate": false,
    "count": 0,
    "updated": 1539681604
  },
  {
    "id": "c8e99527-6af0-467a-9e88-cddbf5081dde",
    "data": [
      {
        "text": "I am in a ",
        "userDefined": false
      },
      {
        "text": "tsunami",
        "alias": "Tsunami",
        "meta": "@Tsunami",
        "userDefined": true
      }
    ],
    "isTemplate": false,
    "count": 0,
    "updated": 1539681604
  }
]