[
  {
    "id": "d8055e2e-9424-4eb8-b0f0-6c0d16eb1ee8",
    "data": [
      {
        "text": "vehicle",
        "alias": "Earthquake-custom",
        "meta": "@Earthquake-custom",
        "userDefined": false
      }
    ],
    "isTemplate": false,
    "count": 0,
    "updated": 1539758667
  },
  {
    "id": "392c4275-8767-49ba-883f-477a5948b321",
    "data": [
      {
        "text": "i am in a ",
        "userDefined": false
      },
      {
        "text": "bus",
        "alias": "Earthquake-custom1",
        "meta": "@Earthquake-custom",
        "userDefined": false
      },
      {
        "text": ".",
        "userDefined": false
      }
    ],
    "isTemplate": false,
    "count": 0,
    "updated": 1539676103
  },
  {
    "id": "1e3fde59-a96e-451e-bcb6-1adc06cdbaeb",
    "data": [
      {
        "text": "i am driving",
        "alias": "Earthquake-custom",
        "meta": "@Earthquake-custom",
        "userDefined": false
      },
      {
        "text": " a ",
        "userDefined": false
      },
      {
        "text": "bus",
        "alias": "Earthquake-custom1",
        "meta": "@Earthquake-custom",
        "userDefined": false
      },
      {
        "text": ".",
        "userDefined": false
      }
    ],
    "isTemplate": false,
    "count": 0,
    "updated": 1539676103
  },
  {
    "id": "8bdb173c-7e6f-4442-bb65-7e239d53bfb1",
    "data": [
      {
        "text": "i am driving",
        "alias": "Earthquake-custom",
        "meta": "@Earthquake-custom",
        "userDefined": false
      },
      {
        "text": " a ",
        "userDefined": false
      },
      {
        "text": "car",
        "alias": "Earthquake-custom1",
        "meta": "@Earthquake-custom",
        "userDefined": false
      },
      {
        "text": ".",
        "userDefined": false
      }
    ],
    "isTemplate": false,
    "count": 0,
    "updated": 1539676103
  },
  {
    "id": "24f0458d-a18d-42de-9f31-26133ab88a30",
    "data": [
      {
        "text": "i am in a ",
        "userDefined": false
      },
      {
        "text": "vehicle",
        "alias": "Earthquake-custom1",
        "meta": "@Earthquake-custom",
        "userDefined": false
      },
      {
        "text": ".",
        "userDefined": false
      }
    ],
    "isTemplate": false,
    "count": 0,
    "updated": 1539676103
  },
  {
    "id": "384eaae5-3c2d-46b5-833f-4c5f9a014aca",
    "data": [
      {
        "text": "i am driving",
        "alias": "Earthquake-custom",
        "meta": "@Earthquake-custom",
        "userDefined": false
      },
      {
        "text": " a ",
        "userDefined": false
      },
      {
        "text": "vehicle",
        "alias": "Earthquake-custom1",
        "meta": "@Earthquake-custom",
        "userDefined": false
      },
      {
        "text": ".",
        "userDefined": false
      }
    ],
    "isTemplate": false,
    "count": 0,
    "updated": 1539676103
  }
]