[
  {
    "id": "e2ce19f0-d25f-46ad-abed-66f4d903e23c",
    "data": [
      {
        "text": "there is ",
        "userDefined": false
      },
      {
        "text": "volcanic flow",
        "alias": "Volcanic-eruption",
        "meta": "@Volcanic-eruption",
        "userDefined": false
      }
    ],
    "isTemplate": false,
    "count": 0,
    "updated": 1539757091
  },
  {
    "id": "b11abb5c-23d6-4a34-bd1e-5a57836e9df8",
    "data": [
      {
        "text": "what to do there is ",
        "userDefined": false
      },
      {
        "text": "magma flow",
        "alias": "Volcanic-eruption",
        "meta": "@Volcanic-eruption",
        "userDefined": false
      }
    ],
    "isTemplate": false,
    "count": 0,
    "updated": 1539757091
  },
  {
    "id": "a75600a0-994c-4b5b-a01b-40104606b00a",
    "data": [
      {
        "text": "there is a active ",
        "userDefined": false
      },
      {
        "text": "volcano",
        "alias": "Volcanic-eruption",
        "meta": "@Volcanic-eruption",
        "userDefined": false
      },
      {
        "text": "?",
        "userDefined": false
      }
    ],
    "isTemplate": false,
    "count": 0,
    "updated": 1539757091
  },
  {
    "id": "86e4eccd-7a8f-45db-a727-70d49db08b13",
    "data": [
      {
        "text": "There is a ",
        "userDefined": false
      },
      {
        "text": "volcanic eruption",
        "alias": "Volcanic-eruption",
        "meta": "@Volcanic-eruption",
        "userDefined": false
      },
      {
        "text": " in my island",
        "userDefined": false
      }
    ],
    "isTemplate": false,
    "count": 0,
    "updated": 1539757091
  }
]