[
  {
    "value": "run",
    "synonyms": [
      "running"
    ]
  },
  {
    "value": "skating",
    "synonyms": [
      "skating"
    ]
  },
  {
    "value": "sightseeing",
    "synonyms": [
      "sightseeing"
    ]
  },
  {
    "value": "snowball fighting",
    "synonyms": [
      "snowball fighting",
      "snowball fights",
      "snowball fight"
    ]
  },
  {
    "value": "tree climbing",
    "synonyms": [
      "tree climbing"
    ]
  },
  {
    "value": "birdwatching",
    "synonyms": [
      "birdwatching"
    ]
  },
  {
    "value": "hiking",
    "synonyms": [
      "hiking"
    ]
  },
  {
    "value": "skiing",
    "synonyms": [
      "skiing"
    ]
  },
  {
    "value": "kayaking",
    "synonyms": [
      "kayaking"
    ]
  },
  {
    "value": "parasailing",
    "synonyms": [
      "parasailing"
    ]
  },
  {
    "value": "mountain biking",
    "synonyms": [
      "mountain biking"
    ]
  },
  {
    "value": "cycling",
    "synonyms": [
      "cycling",
      "ride my bike",
      "riding a bike",
      "ride"
    ]
  },
  {
    "value": "climbing",
    "synonyms": [
      "climbing"
    ]
  },
  {
    "value": "swimming",
    "synonyms": [
      "swimming"
    ]
  },
  {
    "value": "elephant safari",
    "synonyms": [
      "elephant safari"
    ]
  },
  {
    "value": "mushroom hunting",
    "synonyms": [
      "mushroom hunting"
    ]
  },
  {
    "value": "jogging",
    "synonyms": [
      "jogging"
    ]
  },
  {
    "value": "walking",
    "synonyms": [
      "walking"
    ]
  },
  {
    "value": "snowboarding",
    "synonyms": [
      "snowboarding"
    ]
  },
  {
    "value": "frisbee",
    "synonyms": [
      "frisbee"
    ]
  },
  {
    "value": "surfing",
    "synonyms": [
      "surfing"
    ]
  }
]