[
  {
    "value": "Indoors",
    "synonyms": [
      "Indoors",
      "in house",
      "in building",
      "room"
    ]
  },
  {
    "value": "outdoors",
    "synonyms": [
      "outdoors",
      "out on road"
    ]
  },
  {
    "value": "vehicle",
    "synonyms": [
      "vehicle",
      "car",
      "bus",
      "i am driving"
    ]
  },
  {
    "value": "wheelchair",
    "synonyms": [
      "wheelchair"
    ]
  },
  {
    "value": "elevator",
    "synonyms": [
      "elevator"
    ]
  },
  {
    "value": "inside",
    "synonyms": [
      "inside"
    ]
  },
  {
    "value": "indoor",
    "synonyms": [
      "indoor"
    ]
  },
  {
    "value": "open",
    "synonyms": [
      "open"
    ]
  },
  {
    "value": "outdoor",
    "synonyms": [
      "outdoor"
    ]
  }
]